<xml>
	<database>
		<print>
			<row id="0" p1="4 3 1 2 0 3 1 0 2 0 3 1 4 2 0 1" s1="dWvJjTDof3YHWyOYvkIFoA==" p2="2 3 4 1 0 0 2 3 1 3 1 0 4 2 0 1" s2="peOalOyHgjfxFydjoHja3Q=="/>
			<row id="1" p1="1 3 2 4 0 2 3 1 0 2 3 4 1 0 1 0" s1="7/s7rXlLZAhHpIOhzi5TxQ==" p2="3 4 2 1 0 0 3 1 2 1 0 4 2 3 1 0" s2="JXRqUFynI8jimCG7pii+lQ=="/>
			<row id="2" p1="1 3 0 2 4 2 3 1 0 2 3 1 4 0 0 1" s1="/AvjgG67EsS+AAjJpnRTAg==" p2="3 4 2 1 0 2 1 3 0 3 1 0 2 4 0 1" s2="t8V1bVYFE7hiT9qSzOueVQ=="/>
			<row id="7" p1="2 0 4 3 1 3 0 2 1 1 4 0 3 2 0 1" s1="H/lt2Kqe1k9Em30HYbmKUA==" p2="3 0 4 1 2 1 0 2 3 1 0 4 3 2 1 0" s2="liV7SU+h5qOoNXyxkOEKUg=="/>
			<row id="11" p1="0 2 1 3 4 3 2 1 0 2 4 0 3 1 0 1" s1="ce9ziW3EW1gMTZjtC2zu4Q==" p2="1 4 0 3 2 2 1 0 3 1 0 4 2 3 1 0" s2="1tyEqLeol8TNv83DFvfYJA=="/>
			<row id="13" p1="0 2 3 4 1 2 1 3 0 2 1 3 0 4 0 1" s1="Fd1wv1isSCM6nZugSw/OdA==" p2="1 4 3 0 2 1 3 2 0 4 0 1 3 2 0 1" s2="3pwiPJ1FD8fyHutTzstxiw=="/>
			<row id="14" p1="3 1 4 2 0 0 1 2 3 0 2 3 1 4 0 1" s1="rwEkkuNnx19TrFjnCt9u/w==" p2="2 4 1 3 0 2 0 1 3 2 1 4 0 3 0 1" s2="PNkuUGPJfnpPnpBzJQ0mcg=="/>
			<row id="15" p1="0 4 2 1 3 1 3 2 0 3 2 1 0 4 1 0" s1="o00NkpwulkqDP0pgFMB9Vg==" p2="0 1 4 2 3 3 1 0 2 0 2 3 4 1 1 0" s2="vGH7QyUojnmmd4QQruvq2g=="/>
			<row id="18" p1="4 3 1 0 2 3 2 1 0 3 1 4 2 0 0 1" s1="cAFwnZtouCPvzD1lBmQQkQ==" p2="4 1 3 2 0 0 3 1 2 3 4 2 0 1 0 1" s2="2mrfDxVMQn4CuBpg1szjvw=="/>
			<row id="19" p1="4 0 2 3 1 3 0 1 2 2 1 4 0 3 1 0" s1="sfHihMDXfgvnRU9V3qOpIA==" p2="3 1 2 0 4 3 2 0 1 3 4 2 1 0 1 0" s2="IUafUKE1cu1HKzTYxVbstw=="/>
		</print>
		<partition id="0">
			<decrypt>
				<instance id="0">
					<row id="1" pid="15" d2="0 3 1 4 2" sl="K+gMrm83qoZX2mdTkuhRng==" rid="19" d4="0 1 4 3 2" sr="mPVZBE0s3P5xqfkQaC3k8A=="/>
					<row id="3" pid="13" d2="0 4 2 3 1" sl="c+d0x2EHdXBr7L37zxlJoA==" rid="2" d4="4 1 2 0 3" sr="pJJj2LYBM1jeKPDMA4IulA=="/>
					<row id="4" pid="18" d2="4 1 2 0 3" sl="PufxOYuh2YdaNKhYxX+8og==" rid="15" d4="4 2 1 3 0" sr="WUGmd0s/tORC4zF2Hloxjw=="/>
					<row id="5" pid="19" d2="1 2 4 3 0" sl="9+hFz2aBDNgDXMuM0LkwgA==" rid="7" d4="0 3 4 1 2" sr="/NZhppNse99QMfL+rQ1fPQ=="/>
					<row id="9" pid="7" d2="2 3 4 0 1" sl="2/qtl3kh853U+t27x4OjIw==" rid="0" d4="4 0 3 1 2" sr="zLak0aPUFBlQkcHcHFjrHA=="/>
					<row id="11" pid="0" d2="4 3 0 1 2" sl="k2KjFWnHdY+/fAryTzcbcw==" rid="9" d4="0 2 4 1 3" sr="+qhYc7N9nZzqWiYJng8dWA=="/>
					<row id="13" pid="14" d2="1 3 4 0 2" sl="i4LhaJlXbX6jbPDYksg72g==" rid="4" d4="0 3 4 2 1" sr="JBlIe9wT9iqIJ9aAgEUQ/A=="/>
					<row id="16" pid="2" d2="2 1 3 4 0" sl="9t1i1ekc8dzAAbDgUmAD6g==" rid="12" d4="2 4 1 3 0" sr="EqO9DlOAuNB2hDUo+L8qbQ=="/>
					<row id="18" pid="11" d2="3 4 0 2 1" sl="Dtbo/vVX645rCciFyts/Gg==" rid="16" d4="0 1 3 2 4" sr="gGVNoqIvN7dDULf3I40mzA=="/>
					<row id="19" pid="1" d2="0 4 2 3 1" sl="i6PoUcUcAXVl9pGRX4J2gw==" rid="6" d4="1 4 2 0 3" sr="G8GL1o6eBg3vZtavXooubQ=="/>
				</instance>
				<instance id="1">
					<row id="3" pid="13" d2="3 4 2 0 1" sl="jJX00ImjL3T1eNtuQfz5pw==" rid="2" d4="0 1 2 4 3" sr="q0Zx6WO0GtrvaCR1Eyez4w=="/>
					<row id="4" pid="15" d2="3 4 2 1 0" sl="PNTf6SKusSWoaG6AZc530w==" rid="19" d4="4 2 1 0 3" sr="YTjB9GUeqwi878I3tuS5kg=="/>
					<row id="6" pid="7" d2="4 3 1 2 0" sl="doSYKwL86lqLGgv7gAANlw==" rid="0" d4="0 2 4 1 3" sr="rz9UIckraQ8qntXBfyWLSQ=="/>
					<row id="11" pid="0" d2="2 3 4 1 0" sl="Jok6X1dWqPUkihcpn4ot/g==" rid="9" d4="4 2 3 1 0" sr="8lh4TOEmLw8PiRDvDbtnlg=="/>
					<row id="13" pid="11" d2="1 3 4 2 0" sl="mlr6KON3/lc57s7l57Skng==" rid="16" d4="1 2 3 4 0" sr="X4XVkJ2ZfJYRpPI4u5Ci1Q=="/>
					<row id="14" pid="14" d2="4 0 2 3 1" sl="bmTD3kDHxhP9AU50v3Bqew==" rid="4" d4="2 4 1 0 3" sr="jICf2QdZYE18SLmHtcOI9w=="/>
					<row id="15" pid="2" d2="4 1 3 2 0" sl="OrXXvGlJrTHpwBa0f65qHg==" rid="12" d4="2 4 0 3 1" sr="mS1ZZ43dvH0Lm7nptC/r6g=="/>
					<row id="16" pid="1" d2="2 4 3 1 0" sl="Amn/kTtMOPPgRwXbb0wHTQ==" rid="6" d4="4 0 1 2 3" sr="B/p1MMLuAYkWXEJyDNnh0A=="/>
					<row id="17" pid="18" d2="2 1 4 0 3" sl="yIsQoewydomKew1F6MSGeQ==" rid="15" d4="4 2 0 3 1" sr="SNEbyqQzNIdgZlGKRX5LbQ=="/>
					<row id="19" pid="19" d2="0 3 4 1 2" sl="3b6qRSRpsStjzRL54CY8vg==" rid="7" d4="3 1 0 4 2" sr="2V/ng9o+ToWqQBHODciiUA=="/>
				</instance>
			</decrypt>
		</partition>
		<partition id="1">
			<decrypt>
				<instance id="0">
					<row id="1" pid="11" d2="1 2 0 3" sl="s0bE33pzZ2N4oM2LxESKoA==" rid="16" d4="3 1 2 0" sr="TZMrwQXRiQA4RTqyiPLwYw=="/>
					<row id="2" pid="15" d2="1 2 0 3" sl="oVdz+RgdtgZw7m0Nt7ffAw==" rid="15" d4="3 1 0 2" sr="oVa0UyzbggSz85OjF9UfcA=="/>
					<row id="4" pid="19" d2="0 3 2 1" sl="5I+2GsfB6lsSTdY4f/DT5g==" rid="10" d4="0 2 1 3" sr="d47U/a8LiGcBd6ShvZPp4Q=="/>
					<row id="6" pid="0" d2="1 2 0 3" sl="ene9ZJKHBQ1iW5W/9V02hw==" rid="2" d4="0 2 3 1" sr="vgZrk3VZWSl/xBtvCCcECw=="/>
					<row id="7" pid="14" d2="1 2 3 0" sl="q7JOsmP0t6vPNgEYO6ITyA==" rid="12" d4="3 2 0 1" sr="RDPawH1qtta5TRrHA9XXkQ=="/>
					<row id="8" pid="7" d2="1 3 0 2" sl="YdLj6E3K4u6Zt7eY8kRMgA==" rid="19" d4="2 3 0 1" sr="Dak2jKyJi2IndsYuiLKVSA=="/>
					<row id="9" pid="18" d2="3 1 2 0" sl="iP1popKHo4+zisNnXZQhWA==" rid="0" d4="1 0 2 3" sr="uBJJGEGB+attMp1iILztoA=="/>
					<row id="10" pid="2" d2="3 2 0 1" sl="GW8fLhMxGV6e77z0xCs1Xg==" rid="13" d4="1 3 2 0" sr="qJyMo2/B1AI5Ghp9SHlx3Q=="/>
					<row id="12" pid="13" d2="3 1 0 2" sl="P6SsINzwdxNeib6e9jNClQ==" rid="3" d4="0 2 3 1" sr="fmaXm3VjzaRcqetYqrDoUQ=="/>
					<row id="19" pid="1" d2="3 0 1 2" sl="qBx8LDgyaZsKq+EOhRdj0g==" rid="11" d4="1 2 0 3" sr="VmbrNPjKUiFsY8lFHvhukQ=="/>
				</instance>
				<instance id="1">
					<row id="1" pid="18" d2="0 2 1 3" sl="xqm4zGhiCytXHenPAwyiGg==" rid="0" d4="3 2 0 1" sr="SU64nBk1CxlzWZgfv05iSA=="/>
					<row id="3" pid="15" d2="0 2 1 3" sl="pOfwH6/kIH9yrPXsJ30FmQ==" rid="15" d4="1 3 0 2" sr="pZat3Z849dOeObHyXZYL2g=="/>
					<row id="5" pid="13" d2="0 1 2 3" sl="bKPpCZ0XysP4zD6VC1j5WQ==" rid="3" d4="1 2 0 3" sr="7gbedQICecs6cPpv20gfWQ=="/>
					<row id="6" pid="1" d2="0 1 3 2" sl="NLELRTzGbPZnMsl43K6Rwg==" rid="11" d4="3 1 0 2" sr="oyIb8MnvkFRqGc492r6Asg=="/>
					<row id="8" pid="7" d2="2 3 1 0" sl="K9Rsnx3DWZ5ALYxbfsPhMg==" rid="19" d4="0 2 3 1" sr="1syNTCKaVD0dAbDphO0Xyw=="/>
					<row id="9" pid="14" d2="2 1 3 0" sl="YfpalSZAcOGAqHi5QdDGKw==" rid="12" d4="3 0 2 1" sr="Ic8QMOV2yMbL/r/aWb1IPg=="/>
					<row id="13" pid="11" d2="1 2 0 3" sl="R08QdcU6P15SSVpc4DoQeA==" rid="16" d4="3 1 2 0" sr="PKE9/jDVFWTrcfXWuCvFJQ=="/>
					<row id="16" pid="0" d2="2 0 3 1" sl="fCuy3iAGT2GA4+RDhr1zaQ==" rid="2" d4="3 1 2 0" sr="kvy23jEIBnhDueItxJTQbw=="/>
					<row id="17" pid="2" d2="3 2 0 1" sl="8XBDGbxtT9zVo+4iQzh24Q==" rid="13" d4="1 3 2 0" sr="0yn3+RE7oU3x1LJHWAgQ0A=="/>
					<row id="18" pid="19" d2="0 1 3 2" sl="c1cyTlmkkM8jInGuto7lQA==" rid="10" d4="0 3 2 1" sr="w7I3slJb2RZzIN4q1AeUMg=="/>
				</instance>
			</decrypt>
		</partition>
		<partition id="2">
			<decrypt>
				<instance id="0">
					<row id="1" pid="2" d2="0 3 4 2 1" sl="gPVZKioADNA7HC4Z4QsFHw==" rid="9" d4="1 3 0 2 4" sr="aKs0cDIIYNkvh9SuDcJPaQ=="/>
					<row id="2" pid="13" d2="4 3 2 1 0" sl="WwyB6OwmYc6XUSXVMc7mhA==" rid="15" d4="0 2 1 3 4" sr="mrcM2HAiOFX3Eh6baLfEaw=="/>
					<row id="3" pid="18" d2="1 2 0 3 4" sl="FV/Vq96rKKq2dHZB8aP6qg==" rid="12" d4="3 0 2 4 1" sr="+d4iM3kfom3xTbvGluU+Bg=="/>
					<row id="4" pid="0" d2="4 1 2 0 3" sl="PlR2TLx++7SdUaEop5hb0A==" rid="2" d4="3 2 0 4 1" sr="K4/pRyWe9U/cz7S2g2Ci1g=="/>
					<row id="7" pid="7" d2="3 4 2 0 1" sl="hbGh8Gr3fU2eXlza924yyA==" rid="14" d4="3 4 1 0 2" sr="uN4pfLnhpmU4hpnHCbeODA=="/>
					<row id="9" pid="15" d2="0 4 2 1 3" sl="3mobzXgPIkrLe5SzdSlR/w==" rid="7" d4="3 4 0 2 1" sr="xIl4Ep3iSXMQDKgWmjjUEQ=="/>
					<row id="11" pid="1" d2="3 0 2 4 1" sl="QN0B5uIMUDHUly+N9XJGsA==" rid="1" d4="4 1 2 3 0" sr="OueK9aKi36snN0rVflRRzw=="/>
					<row id="12" pid="11" d2="2 3 4 0 1" sl="i0+M1vBTQGd8r7ZuRsO7dA==" rid="10" d4="0 3 4 2 1" sr="XytLWJ6t2ZskPjamOPMJ1A=="/>
					<row id="13" pid="14" d2="1 0 4 2 3" sl="Fm1cOxc5EWFb4W7+R5IcRA==" rid="13" d4="3 1 0 2 4" sr="jZfeadTUkuhtpjRzjj026g=="/>
					<row id="18" pid="19" d2="0 3 2 4 1" sl="m9j8lvhBgCZxwyWTqxdN7Q==" rid="3" d4="4 3 0 2 1" sr="H2cFAJ9flFmFA2u5cFQczA=="/>
				</instance>
				<instance id="1">
					<row id="2" pid="0" d2="1 4 3 0 2" sl="yFDbA6ZC6YBg12loJ8E4dA==" rid="2" d4="3 1 4 0 2" sr="8NoX8jCvk+70iuw1+BUuBQ=="/>
					<row id="4" pid="2" d2="1 4 3 0 2" sl="uN/jOufRSZ9Q3wyKLQ57Tg==" rid="9" d4="0 1 3 4 2" sr="Lww2JF8i3ZpfPmv/zIiDkA=="/>
					<row id="6" pid="7" d2="1 4 3 0 2" sl="j0rt1MfRSJWxfoU76I7P3g==" rid="14" d4="3 0 4 1 2" sr="LoVb+rUu/kxMhJbkx4MEVg=="/>
					<row id="8" pid="14" d2="2 1 4 0 3" sl="JnbEscWMtlbglKWf8bSS1A==" rid="13" d4="0 3 1 2 4" sr="7RMpw2ccPL22nf/FicgyrA=="/>
					<row id="9" pid="18" d2="0 3 4 1 2" sl="0CmW6ixVZG5i+AdKZw+tIw==" rid="12" d4="0 4 1 2 3" sr="Ab5SsvX5P1Ch0qKGagyqDw=="/>
					<row id="12" pid="19" d2="3 1 0 4 2" sl="7ri0+p6/7ITAHgPjL3SFaQ==" rid="3" d4="0 2 3 4 1" sr="TK1X55jQh6Q3RQxE1C+Ucw=="/>
					<row id="13" pid="15" d2="1 3 0 4 2" sl="NG6EBZEcyXFPCP4YpYvyFw==" rid="7" d4="0 3 2 1 4" sr="0eWL49pEIOx8uL8p9c2UqQ=="/>
					<row id="15" pid="11" d2="2 3 1 0 4" sl="KoJ7J6qtLUjUwFI1p9cnHw==" rid="10" d4="0 1 4 2 3" sr="12kJ22IWMjme8nCgScTBJg=="/>
					<row id="17" pid="1" d2="3 4 2 1 0" sl="hOUg3rHT3iDUoCqwJzOcrA==" rid="1" d4="1 0 2 3 4" sr="uWVLEZyDeLX/AXxA9gSQIA=="/>
					<row id="19" pid="13" d2="2 0 1 3 4" sl="pabyS5XyH6u4olCfOIfm6w==" rid="15" d4="3 1 4 2 0" sr="BhDpLOTXe8fL2p9sxbjDtA=="/>
				</instance>
			</decrypt>
		</partition>
		<partition id="3">
			<decrypt>
				<instance id="0">
					<row id="1" pid="11" d2="1 0" sl="EAfMPJjkBnwR+lmwyz/llw==" rid="1" d4="0 1" sr="iHf6ndK5zRNqC6/LWJUgKQ=="/>
					<row id="2" pid="19" d2="0 1" sl="mSPkmtK8S4dqcqKoybZVLw==" rid="11" d4="0 1" sr="Dpem+7Kx9oKn2gPbPCao2Q=="/>
					<row id="5" pid="15" d2="0 1" sl="6+gbXZUldUZGAkkDyP3hgw==" rid="8" d4="0 1" sr="0Hy61bM4GP+chyIo6GwuXA=="/>
					<row id="6" pid="13" d2="1 0" sl="XuaU131wEDD3wSM5BEa4RQ==" rid="18" d4="1 0" sr="d2pU++Ze984Qw2zwiBUtLw=="/>
					<row id="9" pid="0" d2="0 1" sl="sfpR+AmQh3hQhBQ7CHFQew==" rid="19" d4="0 1" sr="/ddTZhTk1cCOYhP/jI3xeg=="/>
					<row id="10" pid="2" d2="1 0" sl="bpJvy9TJtXjEathvxZaHYA==" rid="14" d4="1 0" sr="ko4u8tEMi01giWwW7wCafw=="/>
					<row id="11" pid="18" d2="0 1" sl="KU1fqkcL742ABE2L1TydHA==" rid="5" d4="0 1" sr="fWeZDlCRebXV2sFWzpfRVQ=="/>
					<row id="13" pid="1" d2="0 1" sl="B+i5tpWv0WIuoS7dLyD6RA==" rid="17" d4="0 1" sr="uIxR+Kl6ppZHiYzpMtB02g=="/>
					<row id="15" pid="14" d2="0 1" sl="8gnWBL3Q+d1hxdyHgk3+8w==" rid="3" d4="0 1" sr="0TNf52BOscl5umE4rE9SKw=="/>
					<row id="18" pid="7" d2="0 1" sl="sNDfWqgjPP7F9cRmzLZc7A==" rid="9" d4="1 0" sr="IDxOG7kVEiZdwBj8KA9FBA=="/>
				</instance>
				<instance id="1">
					<row id="0" pid="15" d2="0 1" sl="Y7koqIw4f92zZZ1sY0K+pA==" rid="8" d4="0 1" sr="Z6n2vF6C/mmBKlg2XP9LMQ=="/>
					<row id="1" pid="19" d2="0 1" sl="dO05A6/f3ogpd3T3bCpzdw==" rid="11" d4="0 1" sr="kXzdnQM5W5L9qPsJaPJ8Ow=="/>
					<row id="9" pid="14" d2="1 0" sl="GUk4aV690Zy0oVnJoNXZIw==" rid="3" d4="1 0" sr="urlfF+nQN7TZCaZ7Jx/bhw=="/>
					<row id="11" pid="11" d2="1 0" sl="2fH4NsOv6fTCQcUwc5qCmQ==" rid="1" d4="0 1" sr="veWP+ksdzRlYCS8EPy+G5w=="/>
					<row id="12" pid="1" d2="0 1" sl="OAf/BrpCmyPY6Q+7ZM4Grw==" rid="17" d4="0 1" sr="ni535gJR4iPCZ9cDZ7KkEA=="/>
					<row id="13" pid="2" d2="0 1" sl="hDkmOxVL0gTwg9cOYh/ctA==" rid="14" d4="0 1" sr="b4KHSzep1Wt7kWF7eV7jiw=="/>
					<row id="14" pid="13" d2="0 1" sl="VdvcXu+5x9t5d1krOFQSjQ==" rid="18" d4="0 1" sr="yYxbZuw0m7otdOopZussMw=="/>
					<row id="16" pid="7" d2="0 1" sl="vHHfiSDMPSTMrx5otc81lg==" rid="9" d4="1 0" sr="sFwBwPlH2nP/ylONonL5TA=="/>
					<row id="17" pid="0" d2="0 1" sl="QzZvzUglLpys02cef7GGug==" rid="19" d4="0 1" sr="84fl27Abb/OAGH5EGVbUNg=="/>
					<row id="19" pid="18" d2="1 0" sl="DrsfrvJacPTaZ8q4s1c46A==" rid="5" d4="1 0" sr="QnYaZk0PAusE5SoD9VRJ8A=="/>
				</instance>
			</decrypt>
		</partition>
	</database>
</xml>