<xml>
	<database>
		<printCommitments>
			<ballot pid="3" barcodeSerialCommitment="AMdLrJ8BRg4jRfg0J7Op7YsKAy6FXyxX76jefq8j0s3rRKubfkf6StzvB1Cgf2mUS3GdHhJNjyHCOxycZ2v30A==" chitSerialCommitment="5uy83dKFSvsnweGPK2FbhRe9DfDD2d/7fKag4wPsvAm+w0UW01FOMCabgi+Rl39OlXptDtKV3cgGqIrmzOB4OA==" password1Commitment="Cz/edEXID/Gyq6SA4Dku/qVZj6cTKOY7K/BuJd9IehOQNPoCUC4nLPoHRKFCnyUvXC7OC110PHvLkcyjeTRnzQ==" password2Commitment="HvqnWZojoZ+PILqXU1cL4wpMkzIDEzUqmgU+dZpGFqVx9OKftBfWeXdd8wJolgZa2HqqdOBOehsev93K8DY/Gw==">
				<question id="0">
					<symbol id="0" c="eP98O3PlTnrkoN+h9m9DsxuXEaURpCzyh6/jGYQAYXF+cuqSsA1WWbADqWRHQdHI4HL1kHYRIRQpCg1md9sqGg=="/>
					<symbol id="1" c="hH2H9V84G0WgptLOOIRWdBL1yaNNlcmwCweqzG9X3v6utawpFtZY5IMWCeZI2+vpDGPgPw6+Q9rNJ8ii3tWbYg=="/>
					<symbol id="2" c="859FAaBncYTEamPwJJhkvTkH5HBbuLMdrCObH3HBe3E6N5/YTgoeKe4DWB4npZtQXmNVm+jnW85OoabS4f//cw=="/>
					<symbol id="3" c="qdXXclqSEK/6E1NJgONSAEUDZSRDuS/dO9wLlcPjwCbdufXj6aLoieVm0LPdlU5eJJh6ochGyi6vOg2ng/SQPA=="/>
					<symbol id="4" c="RSu/Qh53gBGbidf3+bhFzTJD0FK6+QvVhzqMS+lvZ5r22OiGA3iINfAEBSH2cmRtcAw6K1oAACmUCg5pRVsQfw=="/>
					<symbol id="5" c="qTA6sRHXhiZd4bFtMx8RKnxk3o5mCcubqjCKZ1XGKpbBKUpq/JXqmPHorjaE/1BUJQoeea56fSH+Aw4Uu/XvqQ=="/>
					<symbol id="6" c="y7iEW51xpcJhEcABgADn/kpj4ybK6jZDc7BYqCX/BmfsWF2hS3OncDpIVc6ra7/y89WE+INZ3+cHp4bkBu64qw=="/>
					<symbol id="7" c="yb3sSrwgFfXVDUvCYWMHBNmkUptIlxRjVC5iuIFe4EadVNhBaX19vnmjDjCPd+218W0xAnAqUAKrtVnUm/hA6A=="/>
					<symbol id="8" c="gUQR4Lr2c1qtuuBypTjdhnJKIwPyWW1SV8E3low+Ku1/RlGF88nsuoGGQIZQcX78+2pTNQlo8H2mxmx+aCNwYg=="/>
					<symbol id="9" c="DzyNlHypnYLR7fHs4BWP8WCZcGoKKiRfm8GPtfHnbmT/Gyncdz7ADwmOcAFGbQyJxRx7XI3G/NecGwR6X+AcjQ=="/>
					<symbol id="10" c="K8sHu3cq+X5fDMJE09YOw7bCFzhuEcgy6we+tR14ElP8lrVxr54vAHwV9dAwEoPYu/SPWqhX9auZ7JjEwiQldA=="/>
					<symbol id="11" c="wij7vtVESk0hAFSLFnK67FOj8dNsH6hiW4yQCpaFfcDLqA8w8q/KcD3+t+mNvSXEfU6Cy4U6I6y780Ww8h3BDw=="/>
					<symbol id="12" c="SM4zDf+6eEfq2GpWc+0GZsGoVijv9gNHxpzA6C6CeltLoz01tEsj+rVwsSSMTn1LwnKaZAZAdiwx8TdET8h4Yw=="/>
					<symbol id="13" c="0KmLfhCebV+MbUvPmkG4r2Cr8OlfbzGzxOusTXZFSAHX0q6axW57JLuk9IhzXp/V0xmXvjS+iiSUtECZ6vjZzA=="/>
					<symbol id="14" c="0CAhbxu6K0nvuZn3Mk5q23ZjJwVWbksC3IIVgq85UsjAKe2Zk5TSWDGTL9aKkVcFmKzyCMHmHcg1dGcSgByJcw=="/>
					<symbol id="15" c="qS+E+3iTDf3F9JvtCLCFapwfNwVAuf+FvgKQhi1idhoOMrRDeVsBZQRV+hei8qqZjAiBNtNSSegR3iawYPnneQ=="/>
					<symbol id="16" c="tXU/ZYOBATWSCoacGXwOTVhu+lz127puLeryIeaCsk3N1pzzRX/Gf4odgYvHdQardw6v783MS0SjVGrBhHKMkg=="/>
					<symbol id="17" c="Rz7YQux+t8yb3hbW/Sk7HbesFuncz7fD3VSTxb5dinp9Ce3+/LGWLf8My5a8DAdMcQPhqxnimfT3eerRff0PWQ=="/>
					<symbol id="18" c="XeKaBqrSKy4GcB0p2usOI00GaQhpOFbFrtNMiXbLfAk4dHo9wdPYvdO1PhBBSoRZrfCmHx9ZaOzezKkDn1XoXQ=="/>
					<symbol id="19" c="IIhTercsLYNEITKkuSsyeykR+vyVXaryu7zYzDVYPDu6u0BIXpNAuUo9hrbtyDRhSEoqzA7vUxqbccHkFfoDIQ=="/>
					<symbol id="20" c="zjVfclzZrnl3TLXgyew3JjHxjnWIQkcWx8OoX8H+pu9lC71ui62rQn2LecmB3AcHngjWo/MULp+/dnGth9G1Hg=="/>
					<symbol id="21" c="usVHgGsAKsBwhaL/ooz9LQXD9pIT7eB455hor/sCde+yWPQq9sIjry21fIJQgxt6XIkYuPK5oCM1N+r2KTJiig=="/>
					<symbol id="22" c="KMoIf14hlwNWKJ5Gf3YWt/3gucF8I6RFmGvMaRSU7+w+N3sX2S60ydpNixClEzSETK0okBZZMJhqj4uMWyKR0Q=="/>
					<symbol id="23" c="PFuGwaSZqXpDFd8blg/TEKSM1jrmY6L0P9fYOMA8m32WHtMPWGRqwizRtyHuv0VcNDUYUJ4BInQq98VHFlolyw=="/>
					<symbol id="24" c="X/gLsBtbyQc+9as9vGcODpNlQc534t3Yyvojh2WGkfAQ5XV49CccXH7V1c0jMdXygST4uj1OezIg8WaYQ1G0nw=="/>
				</question>
				<question id="1">
					<symbol id="0" c="ITIfAqMBA2MO7TSthVbMAj/+cl3pTB0H/kCjVwIgkKJy9aAgJa83MI34KF7J6eYSwYZpyfQqF7O4zxDMXtwkTw=="/>
					<symbol id="1" c="ulWIEInrajebOFlSl5pRzakLqSJYIr6IOOKCxVZgsXyf8vU+F35t2idjb6yEZv4HB5qvXfyHL58xkXe/JyfE3g=="/>
					<symbol id="2" c="fKYqKlpYskYWfeypVHV172fUU/pJ8iNP/w+darmncwHtALAZtwb8Sr8cFKaEAX9JNcWgfkNq+Kill2J2EyDI7Q=="/>
					<symbol id="3" c="YT5iaofq2wB1OjMAzYK25IAjHHAxztB1/kOn0kY7El9FJpH76tdyPAcW2C/8I2acT+CQ7OU5Y9qRFbK8r9trxw=="/>
					<symbol id="4" c="skQPSqwl5JxggkhGZgegTMkZ/g27blqwBJ+dCJsW4yI7YrbRBECDF58FXwEAqtCvgEb5FyhtCsOUjHQhTXHnVQ=="/>
					<symbol id="5" c="Cgd4t29Z7V2ptakG+DwbQnggRSUinsXX2adryOkoN8cl2wemYesI1OSSYfd8ieSXOGwfUWCzgltpGB0R3Pv8Qw=="/>
					<symbol id="6" c="Qe+6jBQJ3Kd9uGlP4miCkQSYnk9lQbtV8Kvmsfzo5J8NIJxdEZQ0DZf9sKXbQYfWftcjiwUCgTxthaAX6qMxUw=="/>
					<symbol id="7" c="0Mf2Oz26WusURDtPgHZJi96Zp6r8qj94mavxhUPejJWL6yQz3uy5lEvfCOVc/Lvmuq0Y3D4eVI11xDlBlpSKNw=="/>
					<symbol id="8" c="tlqlwyMPJNaXbY/+vHBdqLzTeUpnQt00YUzxdyooUIsAYdBz5B2seE6ESbhpaervmUzsCZliH467u/XLOMWggg=="/>
					<symbol id="9" c="27iDGPpnQ0CEVFaqBoYApb9qlFdXzspijuH0MAIdjhYWP/xYhxWXyxUiCdyuGiRdB+FhAmBBNzRk6VaMmIFWCg=="/>
					<symbol id="10" c="1iq8KhqR0+5KiklKAr0DOBBaFVnHKzNcejA2NuVLxVHVC9i3jfuQrOQ9yO+4NM+Fbtb1FLGr0AJtN89AMeiIGA=="/>
					<symbol id="11" c="VuPmqf04RmkVB542t1wc4P6QxDvTKk9r+k8VhbbcQcyNaWNmC8jlSDawvRthXQGMEzqJYntY/3Z6wpmYLm5dbw=="/>
					<symbol id="12" c="3hK1uZGUZbmnpmvaBLyEPolODBDk7q0yI8ST375Ub1LI/n1heLHtZKIHQHTlzXSXXXN3bcrw9D3YSj6umnkplg=="/>
					<symbol id="13" c="LzQTuyGTAMS80vyhQXb0pVI34ppOxiev+uSIZf1JrKOaE5wHXAuRJfdsttQyEfIFn4TsXc6BiNHKRSdPZ3dZwg=="/>
					<symbol id="14" c="v69qq+ACRDta/qSDxOob00CYPquIfwJaasPsdvTGWOWzS2ocben18vqF+bx8sE+lbqayRYjXrrL+V3ZaoIyyUg=="/>
					<symbol id="15" c="rmJ/S5kdp7hv/Rs54J6axbV+E9GLPAtO5nEbMPYU+5aaByTGW3rjd4NXrMyI3gbeJU5VEKvxG4kiP1g/WQ0xwA=="/>
				</question>
				<question id="2">
					<symbol id="0" c="UM/srjM0p1TpXq7KgZNZx4hod5ItkEk71QpkTmLy2H78KP1VrjJvwj1tTtDpWwDfeKj60Iol+bxLTGTAAgQFFw=="/>
					<symbol id="1" c="9FxyCiPLSC57sLT+br245zTLrczA3jvC0CbBjUewwtEZP9ISvaAQIuHHcz8cjE1pIk7bclLnvVKuo4oO6if/vg=="/>
					<symbol id="2" c="pG4MsdizA5oriFUYguwl/XMvwx8mZNI1ecVBylmq+CAyfcfI3qdVbKjtPIq/fF3apNPk/n6So16ttU6tSsJFlA=="/>
					<symbol id="3" c="vBhmcYP+BwKz/hIuNiVwV6G+hGji0kyup1nBNVp3t3zygLHJcKCJHDS0iNGmBP6BTNawJjAxvwaRrXEJXT5VGw=="/>
					<symbol id="4" c="YqU3qaD3ondWXKcR3M7b5sFcmHeOfNzrC55IBfEy+YCPBwDcKsJBnH5UG51N46ldjPShRgPYyfoVDlI7o1l00A=="/>
				</question>
				<question id="3">
					<symbol id="0" c="OohKD2XDl6Vd7wFGdUAtBj+kEU/ljF1DEvfgi2izERVXdsMzbGXrK28cGupf9wljT5kD155vfXRGtahjapnkNQ=="/>
					<symbol id="1" c="dqMP/MwlebCBqHgrLKUPDbLjdcwKooLFKgP2b08cjWcZOR0K7T6+nBwjpAywQ3diF42DagrREY0n79YKpVnjTg=="/>
				</question>
			</ballot>
			<ballot pid="4" barcodeSerialCommitment="447XN5IVL7dBswuuZmpqdUiIZNG/puWo/K3nlMwo9uKwwWrrwCs3wZG7wU+k2Qjci+VwiZcuHmtVrKfZQvPQlQ==" chitSerialCommitment="y0CaRqUzY3DaDH773EnhJzH3UpFYIltYjjasqQ6/MjG530vSAJXIR7uErIk3yfyFcTKlHY+8YA5yfCax2VcpZg==" password1Commitment="1BlXGOLdOV53n3dmBcHZYXinXfdCFnl2onvfzf8g8JSRwrnhz0E8rsbgTQ5ioLUmYKUQp4shhd3ZZG6XfWNhbg==" password2Commitment="ItCHOLA5RDW6J8iFKdS5XQdodf2srJci8NO1R0K+8YBdjgNjNIqee3ihU6cLhwPYktf2vzMzwan9e6kNQKMbdw==">
				<question id="0">
					<symbol id="0" c="oF8Nlnfri6GCtaQ/4CqiM3DnVz65PO412o0hr5eeQDB/YEKadNjdSNkB/pDlbklAKOfJTpIb/Z8eYGV15CaayA=="/>
					<symbol id="1" c="SDG10pu6PC5gcNv+c37LRqFU4TIB6BV8xm4txzVgah4nI2AHPRNbdbHqNjsmBFjYbXC/enBh4j+efEgY6hdnNw=="/>
					<symbol id="2" c="Nd5wIP/qrZRdeCFbQVrYw5NJx0UAtWjhVHRuS+z4DHGYEw4EAcQ/4jKPhqxPE/5waoAQtP1gE26PjU66zi+8sw=="/>
					<symbol id="3" c="r8VVjCMrUJR0vuvEerWe1PYSBKzRa4ktxVGc5vrI1UCm60bbwoiO0tK3G1DxG15e8UOSL+8medKYLEj6iV/QBw=="/>
					<symbol id="4" c="30jZN9wbE1NjTn2C3lsZSWRLpKpWfOTjh7Q4ZUksk+TBFZHWDKZ0WcGQU5KGqCtkMP28xFSCwt9tQeec/X1FwA=="/>
					<symbol id="5" c="u0EHjeVc55pV+r6MUWS8KhjLzzkB34qcD9xPHZzyF2SPVe7E1olau2Vf9eOj4WXkQ7yzp8iIJKAhTdOeyK38kA=="/>
					<symbol id="6" c="GUJi+S8NbpAbPJoUazcl4CJmpGuPsFN/UsOhPl+rpLRLHUseTTfDSsxT6piQ5B7/1t7LMjWm5pAcUwy+Snvr0Q=="/>
					<symbol id="7" c="dhC/YvbUkx+PVD24bRK91WVCuEo+EFwHtr7KaCUnHXrMITzFum0hbVginAh/5SHaMJ6ZbEPkDHJjcYdwUE167w=="/>
					<symbol id="8" c="jRJY6hrHf8iZBPQd1auVQpCW7eEBZOCTx88BpkjgTFx9JP7+WQmJoftfpAJsVpTsASbZQhTibLc3a/Gcbr5vsw=="/>
					<symbol id="9" c="0oq5yvZTVYWoDNsSwuBKmnEXhljrveK5ntd4CoRbSga0w+8+3FwK2Coz++2J4otA1PgfxYjirJqo1mzOgGApag=="/>
					<symbol id="10" c="MmXbV7fSknTc3lLgyHlB9nFBZXgKRFBxwDFi9vasMylwPzutq5vYyBJ+rwKIZv0yATtP1Eue7+t1J/YDYfUi7A=="/>
					<symbol id="11" c="XGJRGJb8jMldBJA/DTZOW8X1Yzl1NZ46OEFkmm9AuSpmzWXr2ZpF8sAMcAjHCPR/qTrXe33ZUczdD5YkiDCh5g=="/>
					<symbol id="12" c="Uky/rG3o4NLteM0kPKF/DvSWo0sB49EBU7dKoHOdI8gSe6M/9ZnwSuLHW7rsxbcSuLPLwZfJrxObgaaRnsmV4w=="/>
					<symbol id="13" c="epgavVDBHXSUweuit2r3WwgodLqSKOFZOoy5ByR0sX1bsanf/PltqYrBVzPKKjbdIulPZhxgc2pzWrb6HsEh+A=="/>
					<symbol id="14" c="NOIL65AlHpsknkDI8QH06K6roc7oXz7oo0CX8CRZsUhH3fyk4z+Gj8KVrxbXUA4srbaV4Bb2dOEtKSeZF9XpqA=="/>
					<symbol id="15" c="L7TilZ8/bdoOKM31IimRipytoafFM2yJITNJEo4LTSWX+fsYLiigxqU5+LrylxB1kXdRmowVjZ9zFDpoNJJ3rg=="/>
					<symbol id="16" c="WZzeQUXiyed2jEclHr9FsWbjM4FK81/terLMmmRHao8IFbYk+XPYM0wu90aMbUHcADEhtVSH32vuT8HyjvVvFQ=="/>
					<symbol id="17" c="2kg73/MmWW/UFJCZdsCgc/ng1wtKzJdOU6x8/kRSgksRFn1OJRCs+sBMrl4m2Zyjwx5DaWK+HPzVpyy2gpoNQA=="/>
					<symbol id="18" c="Ih2j5GOz4CjgYbfLVPt3PCOqWSw/icGz4YDJ2sdXqIZ6NlqZN9jshaOhID53tZI6dl164UF7vk0f7DmD6o72jA=="/>
					<symbol id="19" c="BUYCX/fST6l0nA7B6/7oUbZ1W65i+kaNBb/kxFudDpjwZh8c6e8OzVjfMzo9Cs1J5nw5P9gqmKQPk6aU+HXNKA=="/>
					<symbol id="20" c="eEl7yaNrKcxVGLnvcBGyt7tXMX0RTxxYL3pcYAKu3YJxmytVoJlwRKL7dXIPl1Hye3jcn5p+TAgdFwJ8CYO8jQ=="/>
					<symbol id="21" c="rM/8272OzEU3uN7bx3gCbxQ7Lu1mZIo5kXOnE0BtthXaBOTNrH0N5q3oPKEm2Q8djgNm3Qs+1lwtnXQ8CeWbeQ=="/>
					<symbol id="22" c="c5jtnfpo2n3qzs8AZg7u1ACR33VX9AiQKXClOPXmysJqn6DGBR5acVoWW7n3AYSt1lJIFauFTaoA0RjcEl4U0w=="/>
					<symbol id="23" c="zlxvFFtwD5a1zM8hDBQbHoWHiA/e5LeR3+/zZMjAEVeTv79K7ba2WiRZAqCcIaXasCIZ1p45JK1wc10EgURCKQ=="/>
					<symbol id="24" c="MbEEjs96OXtXPGlLg3PhzeIz7bBF4sAQFV7kN355b8yKs2I7FW7vHDY4zkK/XLCti/snZALm528sQ4X0hg8X2Q=="/>
				</question>
				<question id="1">
					<symbol id="0" c="CyJJMG75d0qkAPICETMHFs9Hu5M6WF/alcyL3HJ0TrUjVPJLxbLM901jI1DIxdlVQupLwF5BRAxb2QRbYoAyQQ=="/>
					<symbol id="1" c="87yR0wfc9p06bjKPjNvZAnCAeHgLG1Y10Sf0ZzELdFNqWXGvWmnbWkBUCn6x+Cs5FCzQHV2mJACzpIJivR3RUQ=="/>
					<symbol id="2" c="z/X8wxKmICerJhsZyziF4LcoNZOMIMIr3oPQl7QBJM8RTTJNdgMaWvElW3NFzTAJWL0jhiQkt0c8J3ruyQ+l+Q=="/>
					<symbol id="3" c="zsM+clsKjlC+XOq22QS0KZ4aB48Ex39M7Qt1iKwa3nW/wWLCgH+k3kAUBNxnqKYf85Xva3+9JhPDlIA+sK63Mw=="/>
					<symbol id="4" c="Ovjm3JDwz1EKCVB2gxzoOpL/KMK2gTOJqwh0g0mjOSbDam+DM4Xp2FW4kEYHRerDY3VH6ah5Dm5oRPmL449H2w=="/>
					<symbol id="5" c="rDCsE/ZYgyiq6XVNRDRsS3cKQPI8Z/Xv78GP7Gn+oYuXeb6uF0TAIgolHu4ECbiSLwPiLdIfpvH2I8Uy77BOMQ=="/>
					<symbol id="6" c="FTqtXEIwsZjl3s4yB4pH7IAGTED58uUoOfY29hGco0F54kVELiekjGOc7w9AOcBBRAxRWyc1hiXeAWsuvUhGog=="/>
					<symbol id="7" c="1P/OftGkTuqNzhFR0wqIIPAjTc9t5wajC2OtYqZaC1D1TlCZsCAF25UNBMmWEKRxl0Ghv+yobJyUmoWrxz1qFw=="/>
					<symbol id="8" c="1R4Zeln9itp0JR/kuFa+0PVuuHEC+BhqqfzLnyix2ip018mCZmFd+e9q/ZduOIY5skEtoyKysA5z2zCDN/ngBA=="/>
					<symbol id="9" c="J6u3t2oSIWOHiVXqIxWOP99MCNkUUEyxE6y7uKpVW82iKKrsCrA+Ss2Aw5g8QanUMoINeCJGR7wj5HaHjN/JnQ=="/>
					<symbol id="10" c="KWu+dLTxOaNEd8QJ/aCYnqD9LG/KIAGBAHgxr5LH7kt9oLTr4tCwWecKH6Dnn6PEl3n8RNymPYqxF1q/Xj/DQA=="/>
					<symbol id="11" c="77jhrEd0YNxNi5jTY46KKS5z//v4uvamOua85fViy/b/KwzIMZsjF6wwH/v5CbkLzObPmDi1F8rCnDg3o9zjZA=="/>
					<symbol id="12" c="TRz7QD4GUNZCup+ar9ruyqlJhT9Mqg/vMOK8/Vx0Lo7o+QQBKnKpjvo5wwB/UCEh67ZoZ2CMZvHCkUe9Voqjrw=="/>
					<symbol id="13" c="DunLr/XvicbEPbWyomlPwBW1PF/4s9Rre6tI0i2KjlwjHy1sXkd5h9RLOxmCWsPxyh5diiepaCWZAU2ZJYpONw=="/>
					<symbol id="14" c="o5Ccebj2bPy7ziEDrEewlI/0yMmgzdQUE5mnmE2dIPO1mwhLRRSKuA0+ck8i54fLvtrsUhnKOfaantgAPSWu2A=="/>
					<symbol id="15" c="Cpfo6fGEduCe8fy2cpXA8OMHGkRCWY3fT2oscpvv6xsM5ciA41rXES7bcSEndh0uTZZVUDEzMzTC7y1QFfbhQA=="/>
				</question>
				<question id="2">
					<symbol id="0" c="c06l8/dZcI3fVoLNr6S6vT+qfc1IA5XOljw1N9Qvsrl4dT5ePLSTaBwWQtB9KTdbItAu3pkrhcbeO2szJ8ysJw=="/>
					<symbol id="1" c="pP+IihW6jkxZL1DbIXoSVoK9P6JFt7rBiEvjR4iYmn6qf0hHcGwW0Pfxm1eEAtYUHF9Za+43UDdhAQyb9U2reg=="/>
					<symbol id="2" c="XCCW+wTncc1w308uajYSeOi1YpALHkB9vsILbFhlb+0H3TJKTgcYAncJuwyyghRzBIFcLppjIYssMQQiJCA5IQ=="/>
					<symbol id="3" c="WZz+BF1dJimM7ZADF2/wIwCekd36fuiUzgNdY2BsduvKQeoS7q84hafCupguN41x+mmyVdEehX1WpiuteLV2Xg=="/>
					<symbol id="4" c="HcD3kBNwWWg6ykGpVX0g/bK4qdbEj49PBd+irWSCxGhWpPf2iMwT5gt8ctbrhIhudBv3/7NX8iANia5QwtIL3w=="/>
				</question>
				<question id="3">
					<symbol id="0" c="rDT+pnxtcts9Dt46ALet+YVmcbafJenmubjH3TENAiJuWkdT8Eqnnh37LdnnEI9WqfV2D1oQJGOEJMDEsZhmBg=="/>
					<symbol id="1" c="ei7plDtad4DV/Kd5R4VRq/FhV+shziU9E9dSQuAo7heS4cUvgeVKTd/ysAaRMgL5oXyv0qFB3Hvc3Ta+cfALcw=="/>
				</question>
			</ballot>
			<ballot pid="5" barcodeSerialCommitment="dp7mfJ/WP0ZFDY3eocO9f9+MfpZm7mC2DlR804ibHszdtqpdeCKUdAL2baSdmXKtUi0G+qsvRWqLImIZ5kj+vQ==" chitSerialCommitment="Jct2W0fe1+9zogIYW9tLzGfEErRubq2S1dfo+4OHRnr2N/7DDQ0nz4ejM59nsSLprSGypPZ+p/rqCnHUVloLDA==" password1Commitment="JeQrJg8VarK28Thy/BIInJ3yJUyl2/EyQtbec8wugII35py4/ISEIY6oUi2+qHMJ+KKrzc5d3oFPQaW3gJJUNg==" password2Commitment="jShuVrAakFITp4OdlSW8RZOuUtFk94mWAHOyAAkIOnAZk8FVgd6Y5tN13Helir02hwoTs88wabFLGFn90ZxFog==">
				<question id="0">
					<symbol id="0" c="4mgoya2gSWUEr/i66Lp0a79wIJrfHVgLlwFsLn3DIAQu2K3TZdxE3ojxYvS0gJ6LG8j+mRKdyvRG/GMevds5eA=="/>
					<symbol id="1" c="Ir2QhHNOpZ96vIAxgSxXgIUhjl8L2ahmeUnSElv2DGCvgpErVP/rFFZFAJGfkIDdF6fyXEGEvEo2EfqGuiQW+Q=="/>
					<symbol id="2" c="5G3I3T2JHGPyAVYWjm/eUNUqT3WFs3zHwmOixxLgDXeKchFTSgCaKX0k+yNRWRU2z+pxJbm6DHm7kAXbeRSppw=="/>
					<symbol id="3" c="Uzp4W7e8B5y3eLEXJNSDIk9s0sNSJxxS65u9glG3bTvOCIQ5J2jbWY3bXpOb+O/Za0qm1yNnT9cOd32dEtW1dQ=="/>
					<symbol id="4" c="d2vCxhJiLal6ePI1pizTigHLbc6LXHacZRDUuVbydeBYW8VGkluYSrnSosL17bmMfkNf9Ho+gZg0q3uZtv3IdQ=="/>
					<symbol id="5" c="bxX04481CGIiQLKOw3MieJJjZygBaQskM2FJzKlR/aZGRLUjCWdwaVumKYK5PUNcTsqO9KGkwFn1FImZ+Ba4ag=="/>
					<symbol id="6" c="sXhAHQ693Mes40mfI+ER3E/IVm7hFI5GusHVY6cY/uuBFNDdbbXE0+J6sIuZoWTOMIwaWtA3wNWQRj3YEtt0pw=="/>
					<symbol id="7" c="HtkcGNjy5I7sHetfctGRMucRK13egt48WKCrw4ZHmJ5L630U50Xro04eZ4M0gNO7ePM8Ipd6JSlE7rXfig++8A=="/>
					<symbol id="8" c="OdFpDZJWG7ZSxuM41T9kDwB3y7H0MtnaOEeSI9YuR+ofEc5W0RN35T62b6zc+9PlogjhGblWQAR12zsoL+gbvg=="/>
					<symbol id="9" c="qXHOmQlYbBHo5WAPfXxQw2rc7cKJckgyznC8EBHgfGCCd+QsnU9YiDMVmc+T0izlbRZvPViRil7koN+WWLWwhg=="/>
					<symbol id="10" c="LBT6ajdl4fZ+R5/aJasYgZmGKbGnVXVIDBGrzf2J9FuB6wXjWGfJz+2Ft73vlusqDkfdWALb9x0rltW5in4uVQ=="/>
					<symbol id="11" c="J2pVJO9LcxMrI8jGG/o7ReHPzl0mrwaE/ZrOfbifBikrkeLg7//bp2mGIKd33J5iokRZoC+pvUHnvwG50o+ZCA=="/>
					<symbol id="12" c="uk2RlZpHVGqllyzTeiQo/vZ2Uil+IMLt/JdVV68oslN6bcIgWA/VAylappMK4NB2Dgxw3h0ry0amXifKupuXHQ=="/>
					<symbol id="13" c="dlGDqHmWwQJ3q172R0pcV5MbrxQ0gqkH78QXIgot9E7eI5DUWY4cH0szpkbZBgDoqkqUzu4YI35hS6T1T8UFYw=="/>
					<symbol id="14" c="eZiorGvrp/ZEzaVPInuxx12q7rzDoe5DmrTvy0/4tfgMdM+r4DTblm4TSccU3Kg6v1ExHK6rzca4VnR8PkLUKw=="/>
					<symbol id="15" c="fqeYj7W2IFObzA+/9qqwg/7lmOInwkk7OaC6Ol1foJ8L/tvnH37DOE/bBNDydGBPqXpur5ASy6OVPYXpNYxJsQ=="/>
					<symbol id="16" c="QAghpi9hIPaI8z8Vqc9fGI22de3qIC2y5qQC4LsRsIsHeC24uDJWerYs8fBLPg6keVlp9mjPiEeagUI+Tq0bpQ=="/>
					<symbol id="17" c="gQilKlTzusAteu1qbgmgjOqR8kOde8dBLFLqSi4SrVZhKyNuf2ye+zJoRJQmw9alZxEAgm+/E822zQOWE6UBsg=="/>
					<symbol id="18" c="nZI9idgfBjBfN8oZ3hPPkq+UeRJvCci9itstz19uZK1i6nrHP8rxFVnW4DM5Ef8iaUI84XLx/H7ari6d8G8q6w=="/>
					<symbol id="19" c="lSWxOLTcTL2ZYxu4ovyp9rTB9ivgDkaOFqES1L/WElVwqwXMVS/esVj4Isbfh526VUVaC7mByvt27SohvW9/rg=="/>
					<symbol id="20" c="gLaCXpLPoW5hnPcFI0CwIZ4qUcaoNsO1jDK2G8cnZfRTmMMjzra2UKJsYcRgYLmaQ85kd2GLkhgAIGbvIJiOrg=="/>
					<symbol id="21" c="KwvirhKP7cGLiHmcLDDMXFFICgvVIJbvMCNSSdracHYsKAq64TICuRPY1W36NFIWR58dc72VE2/2+FjbsiB8Kw=="/>
					<symbol id="22" c="40wNahmu3ESDvId2QplJH7YuNThhM67tCZxkXmQkwPCnLNjh+3elV8nc6nQWxmoPV1GvVp94Cn7S+TMUh273TA=="/>
					<symbol id="23" c="+QXVmoF4sO5g/EbFLRfpNupXoHJjpPqlX5sYB0EpePnzWBPPMypcj1I33jVhRj6/2jzCv7AMjOKs8PjpxvZalA=="/>
					<symbol id="24" c="7KGGlwtfro2H/xU4NCFERRXn04c1CyKNcP6tugKh36oWwaOU6ZYJRk5Nyechyjv31MrIs8xr61PmnXsPCtY/Ug=="/>
				</question>
				<question id="1">
					<symbol id="0" c="9y3dtjnTUl+XsXSqQ/0TFdVM6qPfzcRyIGJyvoX/MONh5IXB/NX09EuH5ZN2kGaxvP4+nVkBjQvGWGy7scx0IQ=="/>
					<symbol id="1" c="yBGiahOXYKd3ddxmBb7N94rXszgQRH1U26GlNDgaq6nfJxI39PYjekMCenX6dTeDqSGR+TE/46DcATVvyjFG8w=="/>
					<symbol id="2" c="9xbk8NICHvGexr0vYeQwmX4aNkDw4Zjqko/WBgkuvMpG4sZnYrsgyMDs47LKKfv9G3EI3sQyUirp3leHX3JL+w=="/>
					<symbol id="3" c="AVF6D/cf8p6pLaO4H0RoPzoG1gSJJnWNUYLzYTRBBxM2rGHNipfQCC8fNXYPjbS0R5tUyBGKzgPIJUtBOGUDEw=="/>
					<symbol id="4" c="2lrl0oSMwQnRZi7O29gi2nsMDn3guSeEKK3fzRITvzds/1mfj/xX3bSJq3XctNZ4m272TAqmmg+6sVadsjhf9Q=="/>
					<symbol id="5" c="HzgyGyLhk/kZuILKbdXjEPYDUdGpegXuFOU7k3zXiycGWR9R0fh9ylQzd0SJN9sgNg5/lpONNE6Q5uknTQRumg=="/>
					<symbol id="6" c="EJyGmghCv7KODepfpmFPDrEbCiwppXKTsYcycbD1gy0TvC1JmMt0s/PYzVjnVr9wY/hi/JMre40bHzceqKZGJg=="/>
					<symbol id="7" c="jfIM8e9ldcs4uHJJh04NZ762rH1/EoN7XkR9fxugw7UlpYTyc2MsNCIjwwnbYWKBo/B7CzNre4Oyg9tZ4h+EJw=="/>
					<symbol id="8" c="5jH8UspycQY+1CpsIKSik70Yk7hoCsAazUH1w6MBm5Hb5ar7c++XKUeJBlWvxMmTlwEx2c9PvnuDxW4yt8NBOA=="/>
					<symbol id="9" c="YgBbbvVi4uVEisvHbFb4D+4qtE8UVzrZNioe8fTD8KERcIR7MzuVOoI7n99QPKegSWG3/08QCbGbX/YLJ0VKRQ=="/>
					<symbol id="10" c="JOiZE9TClFN0GxD/Mp1M2iHrvpmFmd/4YNXqf5tX0aVvcn7aY+nL7Dd285HEfslzhd+abSNZzj/bk1spoL+sTQ=="/>
					<symbol id="11" c="DRdjftIIK6GOcpPgBN+9q3jMaUjVh0A4jQqDE+ypcC2eG/a+y9OUoTDII/RmJRulTp5cOpQJZXGMWEEeDpytrw=="/>
					<symbol id="12" c="iSkeftDgzyoSdpQ2bHkJel3r26DbZZzDqjMsku5V0WwJrCg5TAydgxjUYuyD9rqUitBiO4L6pEiM8Bb/H9cazw=="/>
					<symbol id="13" c="OrpB9oQuDXuFHeZR+ZbO3fQHjYZao156UhuhCEc1sKKosQQbm+FCheyNLU4Ml7r3MhtS+PMB1ftdu15ifdNYXw=="/>
					<symbol id="14" c="2oPC97h1WYpuOqM/1jyuZcQUqv7XsykP+HjPn8OCGpv7IXXLuqrFYFcLIB17BDovxDy8JG83SQpphdzOu4vWEA=="/>
					<symbol id="15" c="8o6vgdKO003Yhh3/Bf7jbo3m7lqqGaS1zReGB+ZdxvrO8hR4JJQqWPBFoXqd/klkRuVL/poCZCpFfX9+M4mNJg=="/>
				</question>
				<question id="2">
					<symbol id="0" c="usyv5PG/iu/8tHomWkBbje29SNqS4Bnf1ktBW6s5gwFcBNS4unfxQ5W2qUOD+5Vz0oIrRX8TCgk6hVEKWAfnTg=="/>
					<symbol id="1" c="nvC2I6fYyb+bPgacbKGR5OfHx8pUZmc1vpxUe1Vk14CYBaj9aSRb3mQGKouO1ti4Uohsd8SingIc0f66JEoNfg=="/>
					<symbol id="2" c="/Tgu+d4FKeCG5Wi3s5ag5XlAzrjsq6HxJK0ZNBmNA1XUsF+26P9lnVf2NgCG7KiJGn+9ukCSSJIh1ge5U8f5Qw=="/>
					<symbol id="3" c="HbnBYwAKFFPtM6hK90Bz/ST/P0u5mlqG2NzZsKXjI1JgJMVGHGE/WpbZH9w0GGk06tlbcKMGQohKgt9TJGmqoQ=="/>
					<symbol id="4" c="xcfZEru6Zb9Eel2Crd/GUy3bSXqqo0s3W5CCvBCFofrqtzFGUmcAiU8b2/LfiKFdtKqkold/FCnTreTVp9I70w=="/>
				</question>
				<question id="3">
					<symbol id="0" c="/n979ga+3nSpWQZH1XlFfxhEhuQgO4IdW5jMOI8WsX8jS7qzKIbS+ufkYaAsT8irO0v4/x5Gh93s2TkR2Pp2Pw=="/>
					<symbol id="1" c="Qt72EYgC9iVuluq/HGnXOOHFyLLkInn6glhIHNxMQaWrwnqF7V8hcptZ37Oe0jWljlDyxTubvF3ItTmGDjwSYg=="/>
				</question>
			</ballot>
			<ballot pid="6" barcodeSerialCommitment="j/VwXt74wG2cGcQ5aTRMIdWoote14it2SbHBJWIkx3rUbPN5xaI8fUaTLWQJCsnntetM5SzZ8QbeHj94vZ3xzA==" chitSerialCommitment="mOehB0egSIG+hyiZ7+fSpaxacd1zchWPIy4nW6hLC+WHFzUVk3cxDSYTVi01AH30D6XksAEJE6n2SWjuUXUiKQ==" password1Commitment="WFZxNRkT+t0AvZAPh2dLXM9BrXy6eBUvzMMIr14Nu/pZx4MBUd4dJif8R5qZKF5Br5I6JWo1cMTOzXo/p3x2Jg==" password2Commitment="NZms4XISv1+yRZTx52KaOyEE+MZOHKBJ2iGpEOTs4G8nbxfAr+GXABcsKKN//dFTSv/0qyLsdpcAul1o/47i9w==">
				<question id="0">
					<symbol id="0" c="4Q/GT2ZxUR2gaRzb1AgvDDt7ZDKraPosVPtPEWINOK5jYDa9B7IHeKyExu5TjCPjJira2HmUxmn66r7mdsvZhg=="/>
					<symbol id="1" c="WAma5svJtUJP/J+1CwLh7TCz0Ad3lRvgO4s5vXFNk8mKH6hsP6ukk6XaCfxWW0LRbOUgbOjNDFjQceHjOMydLA=="/>
					<symbol id="2" c="DLnA+CUb70xJOChTtN8SKrchQ5UqtQ+/oz5UWIEd9wF3OotxajVf/3Oy3N2oGeQvIFcl+LdH0csHDqDhRIXvng=="/>
					<symbol id="3" c="Qc6XYByGANFkBcno6tFeOG6feck+Bg1SbFa82t8rLJOBf7DaHMJIzlAuZL/K/B87fbtHtdiQ9D3Q2f24z8xZag=="/>
					<symbol id="4" c="IM8aAk9eCfXk+GdE0bHNNktBSrq5BMC5fkH/+9xs7Dz9GYa2OU4tDYq5u9ZF6V3BD8qJeQwmjxT0njai2V6FYg=="/>
					<symbol id="5" c="5nWEmqp+QzhI0H6zcMsLY8CqE4s75AdTWTeirmmJoGaq+a/aVwhpsxj+SJA3q9reTS8RRHMYoYpM8Slysr1WFw=="/>
					<symbol id="6" c="sV2tIqx1JoMl46aElQmyzqWYY1RR85mb7F+NifaHqUZh1toxbBTWbpcVamfs8EcbrF5DVMXP1dj4jr8nB2cPTQ=="/>
					<symbol id="7" c="CTaUD/d8T4Uqr08t8amv+8wZkX6jZ96SR9WsSCPIDvPL2B0U5VYH+ZVaFTGmswWuU4IRSjp2EOWbwLBa5Qt8iQ=="/>
					<symbol id="8" c="H1PtB/7h0jwFPcrMmkyI3KbfAOhDNDg/OKJzPkEgHy/WCLomEZeArwwSzvFTBLAX0dNhZtEWDMN+/RabvHpe/Q=="/>
					<symbol id="9" c="X0i4ylbNQjsnynNgP7sha0wrcj76wT/xAj1RxV5kDMpXCpcUVmDMzUZ8BzpcyK02ZSwJxERNk8323fcYSSpuww=="/>
					<symbol id="10" c="TjFcxXoXdPHB6CvvOz9bjsSxOFyWI6ne7CfLARuXQonvJ6NMUukdZqMKGVZk/haz9czVU7y5DxjKAOkPhm9jug=="/>
					<symbol id="11" c="2mwbxohdbhoXz69vu2XhxAThzONWO3+97WHwdAAa4lejL9EvHYEbIx9Tz86gvm7NkH7pzfbKcSTVyqYUJqzZQg=="/>
					<symbol id="12" c="89Idw3mTk/dmzisuniYEIe/aEz4flJ7K9bCzgEUQC+3IfUZOubZuDCmguQfmooZ86YVTNhYYxqT3GECjVNpAMw=="/>
					<symbol id="13" c="jO1A694w39XNRVJJ66WLyIbi3thzrkC7m3f4NiV4GZK1aQYqlyuCIUh034omFr/pYNAVvOVqt/Pp6JhpAcgO7w=="/>
					<symbol id="14" c="iN8czcNoJj5EuuquZZ8vIkdZcormmm7b+TCK7gpSmBTsrntgdySYt3B6XtqiITDHE0hPLMJ4eQE3YLZ5pRgkVA=="/>
					<symbol id="15" c="Vw2fZPC9RuX4gMibtqFvzWAN5BKuZfglERvbe1h3hxjZVVRqNKiQI+uSw482NSPzOC+cZBLgqsR5vxiZ4bsLzw=="/>
					<symbol id="16" c="NYlcU6a0rpqi0Nnve1esZPPABp7U+E/JjI3N9laREh9139PohOVyQaBusM5J/T9tKVfuV+VaoiFZE1L0BTpInQ=="/>
					<symbol id="17" c="DwvZiOVjb+KjKPOzywKDC8DF67qUjg/MdUUNdMv3COMjCJNkQa72stQPaV/u7NtegMDgGKuO/b7XvGPriVsa+w=="/>
					<symbol id="18" c="OJbRNTIgMRUJ5k1MT4PrJSpYYa/UFBRWANHCDo8ZZz5bgM9ywWPPPpoPq2q7dsE2jvS/J2D4LVV0WmlM1NYmig=="/>
					<symbol id="19" c="lV9QYQJv5c5bzhQ9MdjumsUPoKP4zOoMwgkAcsxD97eYiv9ypIZAxcI3kkJoMDjoR2imDcCNWPAd4ioBUnUoQA=="/>
					<symbol id="20" c="Avk3Ewu/7fXrSqI3kUEcV9U+zQkX3cvqp1SBQ7ADm3yy9tmQz/xHPKyOqI014IsIs/Y6XjImNv6yL6sEO2djvA=="/>
					<symbol id="21" c="5ByUCs04B8wMYLuzwW/6gxuNbiGbL7wtwLyP38AkaETV0+6Mvo3H1CIczWBJ1xUsbf+kRG+uupjipxJyoiPp2Q=="/>
					<symbol id="22" c="HvwnzxRdt8MJX12Xs91V8yxfcbbV+nGjRvoFfFaPqaxTgCuWaeHQTbZx233tXojMUf4EP/DJ5pF+UtBIELAfCQ=="/>
					<symbol id="23" c="ieQNjdqlrLtvQnGG6rEUTNZEWwOwv/TnpH0lpsG+AGXir7UBPfGpaEZlP/gcuzjHjq1u+TfIhJggmfBaOhl2mg=="/>
					<symbol id="24" c="RteDFOLRl4OGC2tAuc7fGqE1BEpD7DqYHLPUdmFRS0KuJM/RXF9quNcsk6PtSDqaGv28KCyqcrrcF25FuTCpzg=="/>
				</question>
				<question id="1">
					<symbol id="0" c="ujwQZ+HyYwa6Wntl/7uT72tXlgadMk1356r9hYlNcHZs+5Kl8l0/BVscbMFm3QZjn37Yt786lYL7zCHOVzkhJw=="/>
					<symbol id="1" c="mu1NiJLBsJVHB/HN4aDkcJ6ZcZ24rVHmQjI8AUCvypTiJfggSuzRQ3Z6GkEFfLwTDj54YAhOu8wZ+y3WlEVQeA=="/>
					<symbol id="2" c="M59B6BVwjtMkKE0ckshagfFXsrlzc+V8z8YxxZT+5mel22xMsRq+VEW77oXBSJ4v4QyZ71nCjM9IPYTO6PYqsw=="/>
					<symbol id="3" c="QA8sWozwhIauExOluC8fz/JdXyoL5l0As0ZqmVcByFl7xPEAcUwVyLgg2+evifTxlJ447+GpVj5ftPnOq44c0Q=="/>
					<symbol id="4" c="k706hJhMBfFugNNJZv2xVczSB1k2LSN6+Q1F7B7FfanRo0TWDpCJtmiUkEf9w4/5ITGlqoIBImJqHLEeFj70yQ=="/>
					<symbol id="5" c="8EZh0sJ3FJKInQjHEpOUQQHOS8Ta/9+n98QxHWDvYJx/LqV8aDkyaUF4w0AP4fE4qI1XxV5PglJsfdF84wcPyw=="/>
					<symbol id="6" c="5aJS4SQZVJ5zK39n1CZN6csgHLDy4aIN3FEy7AR1oANfUhn/cFTM9U4bf0aMQszhnXxss5LMmFiJ54f2BluMKQ=="/>
					<symbol id="7" c="gsZcH8eNbE64LlZAHR10UKDSaOlkFN208fjxhNwjap99aC56SnGeC7OmzImkjMVHcX2MfiLCfuM6YnWaxn2JYQ=="/>
					<symbol id="8" c="vT1gz5aYjXIbTdvaEpnlAwELxRnFgfHBJClZBZSbKs3JEpY2JQ+3P052THl1IEM/PE0lYsrCLWc20AcoaD7qSw=="/>
					<symbol id="9" c="+phS2zA+Ojk5F9JjSRvfSZkLieI8pQxfSKJ7gu/dopBlsdj9pRyjwkLxu3S4TwW0UU+e0ebrMipQv5RTNGzoGA=="/>
					<symbol id="10" c="nMMd6UXf9jTXx6OZHaCMBiM5U1whzIGi9u98b3C9dTKULUlGm6f7MNWJohR4M8suzB+4reydVRjPNd77LHqHcg=="/>
					<symbol id="11" c="z7DaBvsMDXlYzou6qCNQEEFPdu3+EJy8dJCA21JvbB6fVvoFmKYQLpWd5O6P1Pb7rcSFbEBp/TpmFlFXDtPcrQ=="/>
					<symbol id="12" c="uzFwQMpOm8vTjrj3MQTP9UB0gABq6ERuMDIYZsV+xPd05J8yKGkVzidaO35HpfPU1JKHohoRwtgOUmTXmyiaFQ=="/>
					<symbol id="13" c="bSYIZmWMhtPjtWjPPDoaQ4u0CyLA+VC00O6apLK/BvfJ9qIcCm5DAn/gqNGnzODaUVySO7aCrOtPfXN+P84PLA=="/>
					<symbol id="14" c="Xokf8klQilV1rauWS2BRD2CSKeU73Gbqd7GJs14S04jWSHiVmKy4XOoIaBbum6Oz6E85r53CmAOAul4S/ezfzA=="/>
					<symbol id="15" c="uJO6K+AHWYvHuu6ZuI7nUxSG8bHMow6Kk6rPxEFPkkG+6kKVb5I2UqE45alfObkIqCrewbu+sOprm30n0hlKLw=="/>
				</question>
				<question id="2">
					<symbol id="0" c="YVVgmnksv0qoVmqds9QwMiEoqJJBFkjb40WafjX1/G/b7Xopm8MNh4TFlf+4uNYE4wb+mPYEncIoT72MFl2jaA=="/>
					<symbol id="1" c="2qOdB6dbuEYEqzYHqxSxHd+ZcJXfwavLxQIFm8RDpSBurjfqiA3HG/iGmZd6RpIxZYcZnXGTMayLOwFgth7NzQ=="/>
					<symbol id="2" c="F7tZGJ/VvdyOsXe6pffyBjAcYKBnf6rbNop0znbpI35Z3fIrvtJfIZxrfP9Flfsl6/cmTfaqN9ysNLIucgEqrg=="/>
					<symbol id="3" c="HoPi33gefKM+UcGflMKQ5+7PurlcMtteDSovK1PxA7zFofQrkjJZz1a8zk8ZyuBggOx8q/SV8ZZT5hkDGaV4mQ=="/>
					<symbol id="4" c="0wWElXQ4MoToZg3zhIN8PiPDnnVsxRlx6HqzVTf0NzwBxrF+GFZToWD6ezmG/ZnNWF2Io1wYJFtv+UyDG/jEvQ=="/>
				</question>
				<question id="3">
					<symbol id="0" c="kxAUUoX3PKhtgHSBAxmdCiCKdPPcEaKVBvMjpE+kCTByjipoE4YvfN38D//PYEOXmthTisWCvuYrGlxmiMbomw=="/>
					<symbol id="1" c="fQjw1kNFrxJJUa8pEDkvUQmKhx1VL2ch2J8eVyhFaxHxx8C1Fd6BeDiNS5Hj7j4e8H1ujq2AZLPIeOaFc+A1Dg=="/>
				</question>
			</ballot>
			<ballot pid="8" barcodeSerialCommitment="qIivdZz/HpdbSLa3utViyArSZwNl1lOMRDO7N4Ydd/IY33LgdYH+5BpVaIUIhQEIFsdeBYKK2e4spp7AKreHJQ==" chitSerialCommitment="5xMSwdqhK0tfxSrKQXLao741W9qA61susFN9opcUNzvTwN8I8CZ+KWroPIDl2XZ0RB1B3bLuQO88YKwb1vA8Zg==" password1Commitment="QYb60TspAQSSA4aH3TSeo0n8II5uddluoNqiu5WHPjIztXz+658dJc3xK5KIFvW756PAT4JXh9CN9MavVKyzxw==" password2Commitment="8MbeBiuitzGSr1V7Twz5KWBxD+/N1mMZjQReBuvg1VHpq7HPP3U+QML1PBVm0PMWje9Mun72dx5BvZoxveWSFg==">
				<question id="0">
					<symbol id="0" c="PEEZ+kur0yp22LmJEHbt5GwTMHbAzYjWjE4TU5/XiidyXJhFM2Mz83DPZe0qlyPk+LNWEyN4Hji/cxVviTaIgw=="/>
					<symbol id="1" c="+3b9Z7SakJD+U+8e9Uu0CkwGP4cJPkuDpJQA5iGi99YG0zh4/uziq4oy6nk+T6A0DWQb5NIvFasUKEAvMcDtYw=="/>
					<symbol id="2" c="33vV0r5VC6uEArYzMxEi+Bo4nmK2bzMdikH8BV9juaNDM89wofV5kuzh4+NO0mvML4ziwet0vVrK9zt4WnkUFw=="/>
					<symbol id="3" c="bY+jLSzKSezUz3SdnePZRBOm7I5B7HrOKsc1ir6Disc9nCd08gf2llWhi2UuU2ZVtKW73anfb2B44JF/YG7pBQ=="/>
					<symbol id="4" c="ApP3obkfVvYS8C/oC2R1j8XcIahBlLuz/HkZlSE7eTBarqq472ZnAQUaSWWHUIiY8LiCZm4xMXsJzHnWhFrFEw=="/>
					<symbol id="5" c="O4QUcLBSlewDQ+nokhJcmMPxboJFEP8P1foCK/69hzIr5tRwQNvA+6NighRUK6PHpCTauf8DlxsEDIMkrxaYsw=="/>
					<symbol id="6" c="OMkjXpugthkWZwn+MX5N8Osz++aDd+Wk/lOxa1qCz+y1h6cJD2GynRXK0hYtlPOKcXBwJV8i9gTTyT65nhZO3Q=="/>
					<symbol id="7" c="PK3MLMiDPf8rFaWEHc9IFm2OFXo2Wa1CtrVD82SSFkPxOUjzI/dJ4u3/4eRzD010F4gCO7iNYgXRfj17C6R2OQ=="/>
					<symbol id="8" c="lxc5PvxF/k91vJjP5bY2V/u4Xgo1e4pImBAA3L+XnyTZQS13NvQ18mGzfLirrSDocIFEeLPREYnhD0eMl6pU9w=="/>
					<symbol id="9" c="dvgLf4Z3OU00/gFfK/CKeEV/2qYJCcIHvuKQWbJX8Wzw1mDMLTKUPk82aNZlZobHrGTu2U8NHeuJpi+S49kH2Q=="/>
					<symbol id="10" c="Onk+wPaJ3IaFHhblCtUZO9YWy/DgVLECS2Qgn4cf02XS6L7e+tf6Rhjqo3MIFGpKj45OfjnS9XaPb6TzW7dKqA=="/>
					<symbol id="11" c="bGcrxevoTYX3BlZ2+U71cDgmnDHXy0bJwSQlwb5vGs3KeqSD7FVL0FBfXg1hs3sdsQKGuA8P6sqRA2e625ucaQ=="/>
					<symbol id="12" c="NOan4ZhFDd1DVQ25F/kaBMYyhkrBMbA68JGiLe5nc95GlLApCsjN5MVHISlTA2geEN+GsdYlfhwvZr6bDVROEQ=="/>
					<symbol id="13" c="2KJIEQedc+rN6kz6Vv+Bp++fxmRQe+2c7iJpuVuBKW1OPiHrwcnmcJ01+GxeTvqJM3cYPcGJYQfet1HDPZKN0w=="/>
					<symbol id="14" c="nwDA3xEQUgfzbJPsGFEcofTabrAxaVyrblpaSACYjZFfSekcyAPnfJ6+1hiC5bIwsWZZwNR4YitT/L0+FWXGTQ=="/>
					<symbol id="15" c="m1+9MJIqTHW1z9O8CTUE6Rhndpm9EdmphhmEB2voEUI39lpNCyMP1e2gRL6+2cKcfnnAUISUpAvaaJ2evAtIJA=="/>
					<symbol id="16" c="GLzU4951Q9IeHgJFIFF1LeBmI5OkLtCo/WgZOjG4dI6P9vWq7KGzLhlrmx1JI/N2jKA30o6/v1HhnrwUqQnRxg=="/>
					<symbol id="17" c="K6+o5y8/m+vpmtXV6OY56wzTmEwFUvY0BrxeqgspAmqPnEAOuwew0bRsmgT00w5Yr8uqbRddd7xZ8af7jMUj+g=="/>
					<symbol id="18" c="jZ8tBU/b29ZyKK+gkI1yJdXdNPPx7bkFQEyPP3a7YFfrlQUk9DWYgS8LXCl5AFcHyuPOelB16xocWfXb021RIg=="/>
					<symbol id="19" c="AIwGhjeVwxx7FklQi+hDAdoEv+kza+Riu9oo5Kmm9mAr5ic/eC0h4ZefBGrEnmY2/AIYMVFRnRCGp0b+DKQWtg=="/>
					<symbol id="20" c="z4/JKSwHFbE9NMgu/Me6Cmd/SU+JZ/Acv+MWGm+XrrR2uIbbad7eTdRBzgoZRvAQ+Q4Cc3Ygt+OHjC+Jpv3I1A=="/>
					<symbol id="21" c="5eDISJszSmu2eeUuXcGQ2mk6wwAS9CpTxDm7MJciRdk17oFkYKxjlCRp82RaSClzkLVvoPoemroUO/7Fs6RSPQ=="/>
					<symbol id="22" c="H3YcE71JS43T7x8t5Xno23UabTFw7GcpL5eAifb5481EM7YIYm9AVqbzqKg2rsGKuQWKVxqnLS678cx71dEoYA=="/>
					<symbol id="23" c="bvtsD+QPSks5k/YRKbz708pMWkmtGvkRymZ8Q87f19oHtAzxn72I3uc4jDb5Ui7cW8mFQqGyzeldxSxf1Bg7Uw=="/>
					<symbol id="24" c="H5BbaU1jJdQIaKFvRKMA3kC/b8pILZzWA4O1AF+HEDR9MopswP+O0ZFSEuP3q/jOS1rYCPJVibZ9KqV8Thiayw=="/>
				</question>
				<question id="1">
					<symbol id="0" c="HqK1lfdWvnWJtxs0fmQ6d4b8EkUBbEBehf59IaxDD1mKjGCxLUD61yL3cYHK3OXrhOv8YPCm4+dsIObuTYyFFw=="/>
					<symbol id="1" c="u32BgVqSEvgS7iRY0c2k7uGQe1RLTYgyYyMgPXsVh4Vf+A2P4uEHI1E8+YCw3iZpzhoZqXYaAa6Z4X2hNQMV6g=="/>
					<symbol id="2" c="WSOe2M1bht1CvHF4LXXG05Qup4u+y9rfUg5ahT3dy+oUZanLow0ljls2xzNXwROobgf6528AWM5f3VfG/Ov+Sg=="/>
					<symbol id="3" c="MUTRe07ib3hseW9PuV97pB6D8eoWC+uu1c5VyHbVzID2dZ7aUauDbZcuUPN/YrTRN7KUEFDx6ckOz1xfQSw0dg=="/>
					<symbol id="4" c="EmcAc+5P7OJI+YjquwMES2lFyE0IqLzmesm0u5SsMGPiQol0tNcv1RJXdhiqFZA/Y57pLLoIzJyqoUtzI23c8w=="/>
					<symbol id="5" c="9/pz0WLO1N0fjhsRuSSyaDqNLQiFuEY/mDGHZzX/y9f6VGDxQFr6adz6ycv+0o6iuAjb3OzZM43j5k0zUNVN2g=="/>
					<symbol id="6" c="4UZhiHvCDKfBX5GjGEkmuGZxoZJH8N5mbovT50r7jPkRNjRH/X5qEUF2RnlT/3EHSrHtAmC1iiRWIGH74VUIJg=="/>
					<symbol id="7" c="KNATS80DMxKTnouMIvXyPacvZEjqPehYS1Gd3QU6pIUs2xKya0Vlz+FHJOs4ZjldKEnD25/OzMPaRfnsiaxffQ=="/>
					<symbol id="8" c="8sO4MTlExldFCanVVRkubJf/+MMX3RVZeTjySLo8DK9Q7H1N7D8GzETc0lu0XljANmWuW3lDjVO1KB+quLqpqg=="/>
					<symbol id="9" c="/QF16ghVXR9KKVWxZgFpZXNO6sAkF1kOuR9kn+Hi4fuVjNNlgDiqW/RTkbLj4BujlUtdpTgFukIJ7OoOvCYBnQ=="/>
					<symbol id="10" c="truTjT65Ti99H55NYGXFH6VpKWuUI8dvlp2hpg5o9Co6gQhv+Z1uilMQP7UTZfNB0areseFDfZpP1nbcIF81tQ=="/>
					<symbol id="11" c="EHY7qKQOX78Aq9UMhQnADKq9uDjPrXXMtyCYe7f/5+QMfgtkQXpluXx0q8aCuY4sHMv+bZ1mu9p0AvyPkiICwQ=="/>
					<symbol id="12" c="P0cujL48vAULdgnWS4Yo0PNFBGvQzBVEOJVWR5zmJvRnBNdZqpPqZsGTmkxwUmacNyy7E2hbT0m8zOBnLLYqNA=="/>
					<symbol id="13" c="g2IYtWqQvTP1Uj4iKAX3PlbfUoU7Evv3szwY9rBeyXA1xS9gq/MZW/97dzmB6kFyg0GTqkI/GjXxW2sck+Zb1w=="/>
					<symbol id="14" c="5eP/My1njTDdn/2lDdbog1PH3CFtM0M0ESRUdmh6sjM+SfjrVd/qz97fgg43s4JQ8EIGU7jXnpZJqhwykFLlvA=="/>
					<symbol id="15" c="x65Ea7IhnjfQiChqJ0NSOrrcZrDZs8bWdMgKjUjVrp3cJkraqoxYoahaTomNjkQphqzojk10dwKWrcmM+4ZG1g=="/>
				</question>
				<question id="2">
					<symbol id="0" c="rTP+uXrGWJ+kL6lJHdg9wx8MxbK99HBq725OJB+u1uj9ziL6XoO8GS51/IgOMtf7IaUcQERIQ12X2EiKaH6FHw=="/>
					<symbol id="1" c="v/vAaC4cgPuwYCIy5g9pec+7ilHiBHVrVgZYSd43sINtoF5nWc5WokfyqIGy3E2B3UP41j8w93Vmqu3ANW9F1g=="/>
					<symbol id="2" c="68XwmxUwleWvd19s8GlxfW4NFM4AFXZzDQK1PGbNeGHyH9zsIvSZo5R6sjOHK36OX6RRK0FYM4CqJgxf59K/RA=="/>
					<symbol id="3" c="KvKCxncRFkIMWvF8PiF89JN4k1bANcmdJpuRQR8HPkVS25xjn55J5nu6xMv6p3bxR+X/4iQDXhyFDaioQcKp6A=="/>
					<symbol id="4" c="O8jARalfzHr+rmqVfvvcY65gLxNtWpqk2X7qpvP5fI61EZTnrQAnmh5YYLP8/7WRu5HKr5XG/mLnnVZQ2s7v/w=="/>
				</question>
				<question id="3">
					<symbol id="0" c="kBNCziIZi4hOnAN3yo4meGTux/Htwv7wqQ11a+k6sMxbAH/aA8D0I3tBhRy+tKBy37sp3h2Aa4bmjoshRN7rrQ=="/>
					<symbol id="1" c="93RN0Od/BqTGJFYGeoDPuyD8w5t+y81GDp0HeJW7ASE6zUoYZp523BpMKrZHTLnZr0cMYC6GUQ0sab4Ie2mlDQ=="/>
				</question>
			</ballot>
			<ballot pid="9" barcodeSerialCommitment="QRXjIlichS4QcvVMcjK1OkCuVFL/grgGm2TSsxBN9iJpEYqzNnGBYSt1qmu1YeJ7nMMOXWz/Km0A5uCPFfCgBg==" chitSerialCommitment="RtG6mbg7GI0ek+53oEyb4knQ/BLKLXEIHwDz1cW6w18/DQsCCsz+47XxSfUREfKSHd+DjU2nz1skkIlrFS/ayQ==" password1Commitment="YjySVAbmzKjmba/LRi17ptha3a6DFPfcZ9qF+ka4HVFEsmJTSwHnMX7LcG8uLZFIbzx8Fk2sSxHNSrq1ZoBQBg==" password2Commitment="sWhqVrdCBDcSD+QSEMegy8OcN9fLYTR788v7OZw7wbDkBMwleKfTf0uJ36NsTld5UVvWOcBLXx5ExwYs0fv+tg==">
				<question id="0">
					<symbol id="0" c="GlE6kC0bOfCW0TKvCWB+xYIhFMKpAGw0neSqZICS4LlX90rgf7AvmBAmMlcJSLPiXMnPH0N5ux9mXQXbqKwPXA=="/>
					<symbol id="1" c="D6AWQgHLCAiUJ+3XgV6kUXNE7MwaEfwmeOE6vf0MSOmU989FlCp9++29Jkd7YsHbA+UL9XCPa2WWn68QKBVR8A=="/>
					<symbol id="2" c="M2ZAlujr4GaJFBQxq+V+y2qdBT5dBFwlTeEac7rQ1mM0NVnVcw8mGhMQFB6AJhH2FehPX0pxIW+DftkAKiVEMQ=="/>
					<symbol id="3" c="ES9W9gRraJ+tJyB57fYwyhy8wx+ZH23kTBtxYGARg4YdOjugczSrGx/1axLYsqi8FXb8PIJ/8EH3XksZwd8rjQ=="/>
					<symbol id="4" c="tA3ZSgIGkuY4OipOJFWw83kTqizes10PKAWq9VV+MPxK15UTA/9VsOXOcqeWYnRupZ36H9G36RS8OHVvaW3z+w=="/>
					<symbol id="5" c="nxjcggGYVXb5wbnMhl2iNlEqocqhMeQvZqZksR0+BwofIXrTRd+p43QI9txy4l52145fotuxtcAEOY6HvSw6Ig=="/>
					<symbol id="6" c="mSh5gMP8z4Oohqm4ARRmeRrUqv4XPvuCZE7X9Q0Il1IMB9GWm+5Yw6ahzZwOqGKRgjfIYF+AZxnl+Tm9FUsnlw=="/>
					<symbol id="7" c="wchVtbb4eiSVFc1ZwO46XdnKAp3rwMJANwInMEUZ16mKE9ii2VuIOag0c4jdhcH3r+Cpj9rG4jfuQcoAsJeomA=="/>
					<symbol id="8" c="haT+5+zZgN7IpDEkIJJvXeB9VYib4Yi6/jE/48Kj1Bx6MSC4gQp+P9hoho+AdsvHcVqmWnjezdbCkmx53v3QVQ=="/>
					<symbol id="9" c="Zz6QhcWL2+3Rl5ZnVy1RBsLNcpUQBhTok+VQW6W5Y25SDGDLzG4Fz0iNOozjsB+GRxoGDlPbhPatFTNHQ6AGwg=="/>
					<symbol id="10" c="H/kZcZIy4z6tao7DQmGLOhSSUKH3+dBaW/ZZKPYx84QdtFMk0QRavy10MMVnXxep1NO2GyaAm5AaGOD4EJoNig=="/>
					<symbol id="11" c="9LjjKQvwmJ0BWeGvuXWMy1J1H6ju0sqoINGvYB0pme0uDjkZ6yw2CwRIUoTj6M6HSg85KxuJhMYP0yCaKJ6LzA=="/>
					<symbol id="12" c="BIfW3sJl7PURlGeCL0wuOsNBmKxuVlQDiKuFoEyYbTrDglT5Cl7hV6nw/9h15e3hWGYeCYL30qWZ2HgA/Gi/2w=="/>
					<symbol id="13" c="MkQGyrSIxQG0zytuJmZVwQcKJWd6BM6xKz/rJVNsYrL2NkDCTzT9HQwrbp7SBOxiwUpMEC4nEYvkbX+mscpnrA=="/>
					<symbol id="14" c="GOuaYDG8TnNtGeW9nSd3B1LqfeJ2h61z+P+jOk7LSO9lBhafBWM/yyfwYeNCJ7PjkgdwB6TAeJrlDESMDVtANg=="/>
					<symbol id="15" c="zaI3J5C+b+Rd1JZfahqPYQdvOCYGybGua4DgOAhijW80ZWcOF+9feCYRxq5LfYAiDmr1t3PQ9QJY7nUtnqaKHQ=="/>
					<symbol id="16" c="enXfSbrz2p5qWQAjlyC9CYH2jHTc/f9iYI9DpWI9O81N8KvwVvrJQ9YIFIjomROePVRZUsvonAOODanj3WnWKg=="/>
					<symbol id="17" c="DVgJgEqPr41C5/9gZQGK3TOYB5DJBD+YC5qhEOjalhGN/YPnHso/oqKGv3TDtPEdEcx98+Br58GPrHqO6TQwPQ=="/>
					<symbol id="18" c="HRdKGd8nG98ozl7+VPdFHrdqBlYCZajFcsPtbifIphBbMxx9t6/nXyX06ek1YFuSxrcw2daFgxBN0Vty7j5SRw=="/>
					<symbol id="19" c="gTtYf+q4F3sFoOjsFVvvHdHV4XJ3TJDMfVsB1Fwls79Z3+MLZz1tfuTmcWM9YYWSCcER7rvfocaf6n/0tP3U+g=="/>
					<symbol id="20" c="/QAHKnAhxQEOslUJd0IZj/YDH0/4x9F+eZQ4NYt4jXMVuxBv53ukKbKZrpAYXL4RhqkDuM6O8OieYrXkDZJMpw=="/>
					<symbol id="21" c="8QLKFEQpgnLQNWHO9TfiMRt0IVTuYpEvk8Z4Lvy4FI+80OjDuSgpYJCCCa7wVjuY5n9nhQdJdqgqr9eQfrkcYw=="/>
					<symbol id="22" c="mqCUTSkvwbo1LkdaPiFlsUoDut2rSPeYVxzdpzL+xRfK1SKy9AtqjgZbLmV5P/K0OL5oBHgWsM7RzTnfzWD8xw=="/>
					<symbol id="23" c="MP1+S2rclGMvXel/p8FIImyAMaTWjvnHoOGRxGTspHXc5XIBLcX+VXDXQR8am9flFCwCMgVcJf26h3jcJAM++Q=="/>
					<symbol id="24" c="0fOkJCqssZQcroK4Fk90zVvWSwBuwqKGa+Jtwvg9FzaGxakrTX00CBjWxi5QTDn4Ius/ygePmarMto5+wq1dDg=="/>
				</question>
				<question id="1">
					<symbol id="0" c="Yyzt5XshMy/mu+c6Zxk6YGBxjbaEa5wVcvMObDl9Q4q9Y6kX17/fmycQseT+Iawyl6G2QR4pTBo2DHrL88a0Kw=="/>
					<symbol id="1" c="pfu8aexm9chSBm6FBVxmtFrvukmuQ6AeWQiZA4hPTkDol2MSHvXZ+WHVokEFxkWctOe8MckzynTi+th+Qpdk5g=="/>
					<symbol id="2" c="GO8qpNdTBD20aVFohgkIKHp4IiIYKwMLOsQZmZNHNbf2eOaltHgkFPHbeIGUppTZ0l0wn0y9Y4GwxthN/RfHfg=="/>
					<symbol id="3" c="/FFN1yIHQ6hbHn9IB2CvgGpduivaxaTj5S2cKQhWrMlF0MLxSSzicgiw56mUzcle/O0IHcqNTqu8UHjHxKe0lw=="/>
					<symbol id="4" c="iLwthnqwQunIL6+IGr0gfcgGOEt9LJK/L1DaY9uOTY+kuCXTiUEiaplxnqFWBa+y1fM6LwWSXgAewEEtaEK4QQ=="/>
					<symbol id="5" c="7QllxFnvIGHmRvweXYKuO8nx1PkyEfOdc13W0koRnEFxt+KjVEHvngLeUTeWB/DTqdlV0ece/rtvV73wvZ/a3w=="/>
					<symbol id="6" c="5PNGwYz7kRprr54ft40CzQE7N/imopEns1stVn0daEPkL9zS1vHJkcn5nHxplvvtlinJDf/tHfNyzYl8bQ44XA=="/>
					<symbol id="7" c="nbsAraHyrQGzGtCNCanIF6Hmuy5PkNOnRY6Ld65kh9OkSGzUv0kUQKFU0mJXdiMRrhuR0bQ3MXk2A/RVZqB9zQ=="/>
					<symbol id="8" c="s1UCbemCh5XF35cMmqeMeMo3XHeWW1Z9biBzPEoo9KbDBCzkIUt2gNGCBt+cTUsKDb7kJmjthW+qfj0RDE2PxQ=="/>
					<symbol id="9" c="uFciHhkDJiZVzrw9yAvOLSkHafx1KHrATY2tgybLV3nxY1zI8jmDH9vdq5Ay1hwydUzKIS1jbz5DFieVj9nfDw=="/>
					<symbol id="10" c="0MV/fVZDmPiBO3khyaLppIIrj98gVo/Qk7znsOPPwVjfd77QYJmUSxkbC+kiFI9j6YikWatdlfVNOWX0I2uwuQ=="/>
					<symbol id="11" c="wh6aaEp09xyZqyBA/F1yO3T7V3md8Y5hNkzD0e3I4WxX6PkdZDHyhV6e8dw4FFvZnX83YyukYMtdvUaKEXjBug=="/>
					<symbol id="12" c="luKt9novBFj3zJpaKf43A41MfJWV9Lw9Mo1XBAiuPRwrqTBdJ2Kjlrj3cdDhnDPr5vitZldWDbxZNvTO1tQbZA=="/>
					<symbol id="13" c="lyoEz/re2xuXW1lekPB666+quFpPz7eujiCBKfDHrVVN15C0lkEMS+Qj24ZhAWy+QBlLiPITp9k2nlUU+Cqo/A=="/>
					<symbol id="14" c="RGhw/45yJkKWeiY7XQWsm7BkeTVYqZ/Nc3j64c/oEAZ0LkiPJKmLqxcG+8EChdBd9rboa6LVBGZAHTEE5uxmeg=="/>
					<symbol id="15" c="7n1K80/XzbDsYjR5SgCB6Y9BPWh8AD+K/DMgkYSWuy6BB+o8xsqcdcmXaY88kJ0LISHzfeeCEAcxMABs641qMw=="/>
				</question>
				<question id="2">
					<symbol id="0" c="Pm54Xad7cbRf5dlo8CUo/2qrvWQQrb01VKJWkA44Kxu5zhp/HQN/ykZwi2HgiaJOP9CYkzEwLMuoItwx6Y362g=="/>
					<symbol id="1" c="tRUzFhcguGJfxqFRed8hizQJ7UOGQ570qyvqCD2OEGcxvQa9FtYlDJn3Hq+N9Utakp7ihL4fKf5KOQ0F0FwErA=="/>
					<symbol id="2" c="/y4/o4R3KzRx3QCevFi/RD5t2F6cxLK++uhPPH4NLXTOAAKsOaalNoTBgbk/uiiAw6Rai0zq//q5VHfTXJcUeg=="/>
					<symbol id="3" c="cQfLMShzkYFb6R48KJGAsOF5ZpXv1FBVTssjysDgdPWkFKh3Noqxsk0R7Ylhmdhhr8lLmeq4lzs+TMnSpCS/Uw=="/>
					<symbol id="4" c="Mwqtd0x27E0+tufJH2aCnGpu7q1fBexJaq/Q46XbBISi7gYRT8X/pfxiJ+PnoYotIvJDXTSuBBycDkCWcm/Opg=="/>
				</question>
				<question id="3">
					<symbol id="0" c="Ic59dHGj081fDhvKPJ5ad02b+nM0xXRD4+JmM+xQDHdNPqE8K919crHwkxt9oYnBEpHr+938HTJjprb83hVy1Q=="/>
					<symbol id="1" c="vRci5XqiJ97NVI+K+9Q/LgHzeDcFu0cSvhveUA/Mj5EpYZd4EAAez+MsdRrMfYd+xRwRmCghv1MqyueAW7pnXA=="/>
				</question>
			</ballot>
			<ballot pid="10" barcodeSerialCommitment="XeoN3cOrrrzaEBlhj7fbL/Odo3Op9g2vai3lTosbtDqM9VVbJbfyKLoBdx/G3y5L4Jc3pQd06DdYlP6Hi2Tq9Q==" chitSerialCommitment="1TnHluFeKvk9XKwLoIM3OM1hOiRzXN/JuQ3bZUBDF3UxPa9VNis23xBKv98SdXLW23cGhUzBgMDdnMq55gnr+w==" password1Commitment="w+x5WEr9SDjnI87zw+TtFTN9yQiK5aUxUKZ7hY1uZyucVBRzrki+fYQGphkMwjkjdhhsunnpBvo/IQMB3c+QkQ==" password2Commitment="kE6Br2KQm8hN2JI6BeU/bJ8hpkyOhaLKYQTffwtgBECY4jGsmfucDUEhz3hg/VwDZ28IqAzTHjNE2VCRYsf8Wg==">
				<question id="0">
					<symbol id="0" c="glrvjqL0rxyi50s2qem8dYKnPDerPGvjG7YaajS6TE+EXDNLF5WiTd3YPVmOfxdK7WMXpak44XJw0Jy2ngXimA=="/>
					<symbol id="1" c="NjZpk9Ss2i4fO4B055nD9KK6zWJf9YYm5BhUpEKABZaHvxbAEcVhIRwA13m8AswXl8/x/0GM90T/TsqPSVgLbA=="/>
					<symbol id="2" c="Wmk3zcZ3buQ4L9sNtL0aHR5GOYS9LKFTLof2MG66AMTqgwHcFzCntILNCazIDAOfQvGXUzBJ77B+Fo71Yh25BA=="/>
					<symbol id="3" c="syv2uOTq9084j4LiD62d5mnUHcE0ROb93n7aJopR4uS+clkfaOP235QOktFSQqstrdsE3gYbDze0pv2hkH9dcg=="/>
					<symbol id="4" c="mZgriz1kUYQLhCHAO9EOiYKFGqZJ/NL7/GOLRR8DlHT3oilBtOorMz6dWCLwP/lRmkVRz6pkQYnfIHFjKzovbA=="/>
					<symbol id="5" c="GAesEWNqcYdDrpnv5+Rsevhl1O4g10KaELHMTleU1BBE6gUzCxHTPOFPwVa1Mpt1WCsLuzhZyQ1KqiySxE6Rbw=="/>
					<symbol id="6" c="IW5E5WugONRUbOS65AqZY8ON4RXROI6bkJI0U0IPXc10SMDn+B6Q8cS/gOMNFskCZk2+YkxU1t2zJ4jv4TBjPQ=="/>
					<symbol id="7" c="2WUB/M+3zH0u+Q+558zbeYgVdDc2M2NBDMDkz4AtouzTiTeJyZ+nxvILCCYm1Cx4nGS/d4KgKoryfjkCPScpKQ=="/>
					<symbol id="8" c="SRVIanPZi0m9U9ilSI7M0MxayCD3wNuj0UsoGwyaZazpW4RZdL6eCLBIMIOhUXXFc42RYGudjjKTF7Ia6ASKMw=="/>
					<symbol id="9" c="OLR3g9+gYHz4fwjGHqN5ojRETiXVIERIYoGnfctCHUHHk5tk15++oY87Z4Zij8xMrMdATJGxSXCm29hQudrmaA=="/>
					<symbol id="10" c="hn0ZhU411scqkRPoinvCNwGQixzupHgGV1RJMY1CBlfaZTr4mtnKiu+pO0FgYvfvDRkwzpkaThJefzGY0I2W1Q=="/>
					<symbol id="11" c="CTXzGckJdO91yi1uNigaRNLwS2+lqcmDSk+si7hx/5VzdSy94MLBDEaa5G10Iug8tQhwwtxL9qxNlJh2uy1//A=="/>
					<symbol id="12" c="XhTz7LdvujeY+PDCFsHM9pjkIKtTMEVPw8TARwx42rLufzvRGCgsSafpH4JSlD1G8PeqgAzQBPkTl6uXsi1hVw=="/>
					<symbol id="13" c="LqYmJj7cnrFF0IxUvqSPx1qd49zXo346I2Mnnq9+SiKNqT7oa93TU8PLc1uixUzljg5j6yclcHKYKr3c8tQMNw=="/>
					<symbol id="14" c="Qmff00IbIimTo4JdwgYj0A4atQbyrpGVUR6h3Vh22MANfIDdQ+um64qpklXzl+SvyCcrnOhYJX42KctHy63giA=="/>
					<symbol id="15" c="82lKlvqfjvvamferA7tHsRpeFpODicjHfZb16jacaaY+ql1fD+9xq/7+4jcMUxgtUrgiia0HGa9m6jYZQXZV1A=="/>
					<symbol id="16" c="x++O8YEfqkuDrdniTqyVATa43rGMqN36enRm6MkYzBaoVvvo3/DhSTSPoGax1abo4ka98HkBo4GPmJbM/Hroig=="/>
					<symbol id="17" c="ZkRC0ft+jTF2ylYcXYYTvTpCixoid60FoFGQecw8cF982duyjXixI7f+tw2lPusLXTyUDYUjUskUnT62WspkQg=="/>
					<symbol id="18" c="ltAddAJae+vrOn/PT0MQI+7GIEG9r/+fmj2Zc6OTMDhrlEwti7SQk7sTnEDI70lKZiAaZhscPsBjQbDA3wQV4Q=="/>
					<symbol id="19" c="EKjG1LNtTr9gSvjr3y6ziZymGz/tXxqIlgvxSP7OypkRM983qsrl5oUOTcc/Fv024hFqkdKIbd09X/AJ1qBe7Q=="/>
					<symbol id="20" c="DGhbTIyTumwX055OFG1aEJDL+IACzeJwWKx4+oUYK7No3oxqhijpBmCPVt6yxIzrqJuFYrAXzOmQoLILbxuRqQ=="/>
					<symbol id="21" c="FOAq9eiExRxhyhQu7F9b9iEtshBUnm3/RS4FWeO+pMmaeB4CuTVwwYgTZXhrKRQawC9tBNWgrPmhignAU0K2FA=="/>
					<symbol id="22" c="Uv5rdLFlR8i9S6K6YCwVIk9IhOlx9+b7naXn+nT7VPeNDy9DJ4JeX65OB2dvKb/hjXKYWcaTr8O/zGHCrXuG1Q=="/>
					<symbol id="23" c="fVLnbBil8YrdVYj1NCOH7woSaxcD8djISUlDp6hC7pmABtd8QKP8qNpPAVg+Q++Hy19u81tp98S/f0zgxI5BNw=="/>
					<symbol id="24" c="149fT5S8fIzlOJHD/C1r2PoZOuSZGdn6oe6jcpe9yY/H0MvNRBAgfMAuDu2+rjuifMTRm40o6YUmgWd/elPG3A=="/>
				</question>
				<question id="1">
					<symbol id="0" c="OnerYgH2CuRUnzQ99hI9otptzOSg8FNC1SnTPriz8on/1Bc5V6IQYvNIJAVueXlo8oKvLzu+31ZLeWFtUvebQA=="/>
					<symbol id="1" c="nLWoHlvGQLAGSelML2/BLW2xvmYtvMIsL8HGCc9OlFVOX5+pUb3aG57+3tbAvDL35B0ez4DV7Omp3iQmdr12mw=="/>
					<symbol id="2" c="i725VN7tnaS3xFQxMDv3G54TyvQpd0n/gU5R/Dp7i1zv1AZAgkyfLq/l5Q45nZc/vO6vtXn2jEcCup/g/lU+TA=="/>
					<symbol id="3" c="/19wfTNExYsWx+M6kA+YVSRFOyAP1oCUFAcTIab6KFSqAO/QtTMIMbtLLQDtZHqrZyPLMi3567BKjcT5skGdEA=="/>
					<symbol id="4" c="TD4m964tqXCzM7fzFjDIEuawkufrpnq5ALvB2LozyZljEz63GxWHB6vlrTUBN8HX5zAKkCnI1wWdjH+Vh68HsQ=="/>
					<symbol id="5" c="0b62YyWfFAPDkXTK55NBO+63W/Sa5NhQskb4kgqj68qy3rqo50l20BOajfbSJmS3QJi4Q776EkSjnQABtg3RRA=="/>
					<symbol id="6" c="RajWLiHBWcRQbb6Ch6h2OTNxRMXQ/j4zscuVW561zFSuxHXF/bkEqeqY9GJ459STy9G/wZiUwB3Au0lgqfjfIw=="/>
					<symbol id="7" c="ElEiNd/97R91bCTHw+tgyaqY0lXBVKvAwJFfG1u0BzeNZzBYPGQkAigV0+UhKex/ZjgcMxjVr1nOixPbQZyKaA=="/>
					<symbol id="8" c="5fmIJDgHfVM+tRm/2bmWNy5QbrAERT1LR/h7N92YsJl8c4JfarK1XRty7OKk+QW5lSmyQXf1vfFmPgpeVu7Rag=="/>
					<symbol id="9" c="5DImMQS4fwfmO2JhmNWRbTPAjwYa8g07QK/yvIkdRdsLzp1ptSrhC9xVgv37Qj65WLd2XIq1n83EWV3IHwN8eA=="/>
					<symbol id="10" c="4te8vDw5jWFuXezrfQdzp+fjR+XhxusumVG6bGrFi18zxDCd4VFvYt9Q1pEjdwl7yNRFn+DDgyoJYtVvJo/q+g=="/>
					<symbol id="11" c="oXD/Y1ehR/fccEDyizqqgZAT0Fx9tNK8Ngm+NHq0fDIxj+e81woq5cTUvxWua+E48dLKF8cefdVKB4WaVUb0vg=="/>
					<symbol id="12" c="A8E5bhAhLA6L9baW1Upje2cP3SL44eRMoD1I97U8zMs5DqMH0/9EEO4t0ighJWScN2SmjtMkK5bxIXSz9Y9zHg=="/>
					<symbol id="13" c="9RXf9/i345mqqHjPYO1oTnhczPnCTORywy6QIzSp3LybMEfqbGaWpnR5MsUms/+g4KTh13jQu+iirf+eTz0JVg=="/>
					<symbol id="14" c="nuxNynfYjhgKhxweOGFajELncGrWR85diUj6/rjuBPPWwAPtELplMmr6vlR1sskiDaLDXTowk5SYDgcwWlz1VA=="/>
					<symbol id="15" c="7/Bt+A1fNfzJGF+ZhXPkhAPiMogDl3BZTGwPqWutnQJK37FpbZgbE7I3Vy6qQ7M+sRREQtf+vLT5uoy+OSBnrg=="/>
				</question>
				<question id="2">
					<symbol id="0" c="nO27ssU7gYg/xd9wwyDdeutxDrKqoodEK3wUd7vmNu2DwFLOT8IURyM9oLunLegs3ocK0QIVx4h8JJqRxctjTQ=="/>
					<symbol id="1" c="tg/GHiu9DgrCECxv7YRDDhoEcbmQIX38/25H/QRfYzcSOkonXVZpeGv6GRDQEzK0ARcGIs7hN9sl+I6gEYYOpA=="/>
					<symbol id="2" c="cwk2agwnhChAXuRpMtrATTJSziBHYdZtq7amZe3Fz4ZYiUwQ82zUjLdZtyNGvKO/QFTDVTGGdJzFjor1gUBzfA=="/>
					<symbol id="3" c="QvENO0WgvzBAOoqjsF26JV8KaWI6OyG2xQXn6jJQYXEIgWjtWyoQj1KuhAmV5B88ek/Klap1Ln4NoYJmk2p7qw=="/>
					<symbol id="4" c="aSL1A1K0SdMWMMZSOhnU6BoJu6li3VWGhiWGWWkv8u4Ya1zERWbRz61dSkUJtI4g3OgqgkKaGfmcMxP1mNtiQg=="/>
				</question>
				<question id="3">
					<symbol id="0" c="z765Ir3ewnA+OGK8hAr3rtqFMdoFg0Shs/dRcZhcQ4hYmJtteUEmEy02vFUiQzwkBJXKhdoUNS93AxYawbUFKA=="/>
					<symbol id="1" c="zo4nm6UZuDNiZiiXWXHI6GhI1v1Oj3AI/QiESGHpSTUKpmz/pXlasRMm/bDdGQoTBAKNC8mBBXXZpc+TEjSDTg=="/>
				</question>
			</ballot>
			<ballot pid="12" barcodeSerialCommitment="3W8fk5q9VGgKkCXG5raF1vgcUKwPurzRsPNzq0HcV1kXxvMGOtj1Uq1/Dux9/PdorRE3UUktaY1sU2dRgNSmLQ==" chitSerialCommitment="93q8FbJzzTsnt4SzcgvJ8i1Jw8hcuN2KfvLg61zKFfKhek1fK7u4T3P/bfdYRcPH8xd9mundPO+0dI2QGaD9Tw==" password1Commitment="YM1P86OoENXSo3Rf8xWSeOfWGS0xoyIvyNn5oBcJDm7u7DTRAIR75A6C42KPtAzk5gmCpv2yEQ1nFpc8BrLpfw==" password2Commitment="VhG0PRj6yHKw/UTroxBwiJPkxrxhR3TrQAYuDBM8F60z2e8AbtSMgIQdpbGFWtJRNtLqpZhzh4r1oxIoCwVX5g==">
				<question id="0">
					<symbol id="0" c="mX9dyOP6xfhUfcGxctadjLtV62WneLsS2QDxjgQdfVrDm03tBPYe/06rPGsEa71zg9qYE8VcZBVAvKEi43frGA=="/>
					<symbol id="1" c="jAVQEH5lKaaRZENXyMQMXjZa/E/2OBKBXilYaM4noT5fkx9d6zF3bRcsvJA5OuVfP5XpWgEMQ3B0MJNs22Mz7g=="/>
					<symbol id="2" c="dhxqRJun6rJJtdq0ngc9FVLp8dhUaZN4G/Z2zCd44V1XrFtofYyrryUYHu23obiuTb5LrfztdS1dzbL/v4hqmQ=="/>
					<symbol id="3" c="jueGymS38B+smxy9IGIx8QlE69IG6SZRL2BAVYwA4qY5hq/Fr/CKLqBdhDrlPTwOsD0dg02+cbp6jm5J4zPKYw=="/>
					<symbol id="4" c="buxfJpAMCn8pXLPlAy0NRy7UyNAfq9WLj1xIwRRax/107soa4eR6PGCkJp2yaR0eDVO7JEtbOTFou8wJY3pz7Q=="/>
					<symbol id="5" c="pUdr/zqcxvmW1q8ShzBgmBiJmz+xsjzxdH3Ng0qU+KMaO3sLcopiLPG0nvumYC7XP6JCB0eeWKNzQxlcThGr1Q=="/>
					<symbol id="6" c="CDndkWvJYzBR1xrsxokwhgu5cIAgFI3uy4KuVpd06rwHN5I8A2VKFj3XfBSZj0D7ViVwjKwcWtSOwANrZoBfvA=="/>
					<symbol id="7" c="OtKr000g+5D1/KlTfiaJYXkR00YYmapkLVdK22Xe3tp/uevZiSeUinonQ8kLu7OOo+5TYfpkSD9QTHaNYDyg/Q=="/>
					<symbol id="8" c="ZzgX2u/0r9IpHZyQbDk39Gsodc1fAxoVgqw2IYcE/xUV2t2/r36blcgACsOmKFA1kaofx01ZCD7PK+ludpqCCA=="/>
					<symbol id="9" c="PHSKbr5uL4t9+TlMgWKIoS0oZjEnnVMwbvNKINwfZAD3fY3WUAuN6tIYfJ2FewiA42Vs+I/nJQkcSZdIkuknOw=="/>
					<symbol id="10" c="+zfPxV/PjOzo4kH1mWIsOCqCY+2+UanbiB1W3SHfVMz6nQfB/BTTfiMTkH1JClM4YGv0u1FD4PoUguu3VFto6A=="/>
					<symbol id="11" c="vP+MWRqAyrcP4wQGf3Pi7PteNYyKl8wcOdwScic4cJFp5vLpzBRCiUAmNousY0BHOPTaxtPsPiFzf7oQhhgQYg=="/>
					<symbol id="12" c="oxbv8VxQXUy6Kn8+zJYo5w3XDcjuVMFb4v0SodgJ83ve7K096f8/V6kHNLlFTdsQzWk7bbNrUPr4LIneg1u0Mg=="/>
					<symbol id="13" c="mCMF7uK+nqS1KiKvC5QF+7AOOmj9A1WNQ8DoSMydhz6cQPEftxQZEVAc366PoTLwXN2GdYni93pLtwAUKH6YGA=="/>
					<symbol id="14" c="P2qpn5FseW78hzPOKtpEtDdk183H16dPOzg2IDeJV1mQiPzCoaoxmWda3QL47AnIbi6k1HNUa3GhziISq0MeBg=="/>
					<symbol id="15" c="AW4joJQQF444kL/fsEzgRIUlY9ZD/qHPHTK5WyLXIRycki4fj4OfOo7Tk7ytinyCr6xjtb39zREGBsYTww0e5w=="/>
					<symbol id="16" c="zmKMGswbdsKWN3akCPDY9bczF6whzU11bbuZtbcoYRRUIjdFqwt2kvFdO+F22roNztnj751wMpNki7tNDJqI8A=="/>
					<symbol id="17" c="7WiDJfS6Ki2O2btXQb/TwJZeDn0CKcCHwGe3v//SMwm8XCzXyHmtcMVPXts5yn2YGTnnYu9v1/6z44KQjUb41w=="/>
					<symbol id="18" c="3dosZn8zw04ikVGfqFzkCDk9/0dobkRdzoJD7dXA0ipKQ3vpGKGNKA0FE2/uHvmFb749FOOf8osLfOKx8chHiA=="/>
					<symbol id="19" c="NIeQkNlyBpbLg891nEJpKqfNWd2hFUf7UfJZux2UU+vY1gHzt+hrzMM09OamJgi6D49gP1A3frYlRJ2hcnfpqQ=="/>
					<symbol id="20" c="tQ+jihHy0xCMkO5wl+ef5yer4oLYxBJLk+LMtWePSHkVB08y0337rBLgJnjQTTlanQ+1cjh4bqnRiMmgLquIjg=="/>
					<symbol id="21" c="/FDCueKAhDC4cEh0+ekZ7kzoOvfqCeDtZy2imiznWVl5ABowRn2Vc6j85VL8ccrfLPERNbZCDx34mjF9Qmz98g=="/>
					<symbol id="22" c="d04N722V9N3shD2i9eU6763L1XxBY57UCA2nWisOk6VWQXRgduqoqxjAzqKhGTOY5JW6ZVEL1l8KMrOaM0rlVg=="/>
					<symbol id="23" c="gWMdQhf+RvEsfJbdW1FlIywdEGjyWA4Oh8+wGJyGgIL9D7LaFn0MtwZp/7CaePZF0fPUllEQLKRiehowLxe+Pw=="/>
					<symbol id="24" c="2Mk2eBxY5ETgz+7/mZrh/vOd1+nVPu3+5sfaUaaohAfUL8qAfxwbAJYqNcvpj8J2S60opQS7rVdJnA5RDHua2g=="/>
				</question>
				<question id="1">
					<symbol id="0" c="NYuTAslOn42F1CUsgLFUueO8OsGeeTBHyk0+bQnMpGiN0vGTGBdE/q/Iy0BuCEHcQVcjV7a9xex7m3f+gIBFZA=="/>
					<symbol id="1" c="oTbkUk4NgZCRl4StgEitwjg1xGe6GoBWMuV8TNAhgR3t+vGUKEqDWE2CUBkvyWNyad9JKuwiH9vaZJjIdJXFNw=="/>
					<symbol id="2" c="23zmesWfZRS+5NNyEHCKPD/dTxrJFyMBdHoXyQ+ZzZ7Dt3z8t8G0UetCUw41guEgrFCyJ+WYDy0jhJBP145D6g=="/>
					<symbol id="3" c="Cx6hpIue5oGfxXI+fOjxxG5PJFSTpjO9YGqo0Ydk6F1JtofPC4TmHXIxKqqsbAeY9gtZlsRJD/QB6qLDmsihXg=="/>
					<symbol id="4" c="pC2YBmaJ4PnfQgvL6IlWtf4PPLJmpaHLFqhFSpXHkZBVL5oiFEJKthrEc4isJ2rZmP01ZsBgiZVypYpGwx0j4g=="/>
					<symbol id="5" c="cHv6SMuE3a01gr/6xjwJ+LUjwku7obMa+gUyihnCLgqsDO5FVegYp3O2SdLfBTd3Dr1BiuFjfP3K9u7XyzJwew=="/>
					<symbol id="6" c="zex9NVz9coN5KC+HVjmfg/U8Xwln69KkairVpmfDQIHeTy9L8foREL1fWmYwOVnARNEjFuxoDxWZIrPxJmnFJw=="/>
					<symbol id="7" c="MQx/bDMqLcFuXX8czK8BPQQo4RBFmsft9bZXoagra9ul9sLZDgq+EUEU+LPIAwJ5HztQSPxmSMjbh5kT1oRC6A=="/>
					<symbol id="8" c="Ifiu14XZURc5D4J6b1TllyKYsDY9cuAjausHu4mqPkVFJWoHg1fiQ4L2K9g6A2mzXLs3wuM2MQjlzgAtNKRkGw=="/>
					<symbol id="9" c="IdcR+OEEqAjstfgRakJZ7xxKW3BtKfkn4ZfhQi1SYwWEjAM9bksdYc6dGztlr+269jmx6BJuQ7XWvrmykLBQCw=="/>
					<symbol id="10" c="ZMw3H0rM8t8XyJJJ3M6uSIund19uydtr1T0r8OWrmeE0l9t7MwrNYexhlBTCAcAR1hS+xOTEH56uZZocgpJ/NA=="/>
					<symbol id="11" c="0EvHjxg5IZiXC84/hhJ/SvZs4MIGc0R9NS98b/VSJsExMbD3xrf85ZjddINsJpl/e3fvivcN0Xac4mgk+rD3+A=="/>
					<symbol id="12" c="44KrgO0pbqKUuhesHAFLN9ozdh7IDXe3/uv6VSkUiIv9WiDFIheGItaNyH0OuoKUkDIR14NkGjzf8SfpcYULJQ=="/>
					<symbol id="13" c="94Q640B97FfsPOY7eLjJKDkI5PA1FGDlDZe7DZOzqUalCrPOPbZ9ohTQgOn7yx8xA9aMUkzhHuraepLOL56xIA=="/>
					<symbol id="14" c="WVmWW2VtqwugH4f9fcepw86bzWu2kKJXBFo+ZSpAT37aBni9R3JT98uWLT5oUs3/y8+dkDVo4Gobp012lnAJWQ=="/>
					<symbol id="15" c="HIjl5kfEmODlcMBbPiAKSxtX7dPwIf3mI7Vijo5JgRvQtEFfH3FUKmKzW/SDGYWJ4Qqx4lpOX2Po1V3OIx5kFQ=="/>
				</question>
				<question id="2">
					<symbol id="0" c="tAPOvrZQgSAyyG1KuLtPB2memsRj+4Fi6Pa1i3yefeXJYVQ2WmXPqvC0hV7lcRldNkenMJsZJsl9oOlJzY/DxA=="/>
					<symbol id="1" c="i71imOvay7M0IhsDkvdwHSoTBziYh9ur56wmzIDwvXuZwFATZbGJy39TJM1KCKds+q6UFa7G/2ch0/Hzb7FaFw=="/>
					<symbol id="2" c="mgTB3Y5acYUc/GCcGjEiUmPOMbtVMR1aNIPTvKi2/OqzDRwclBQZGSojz0cwBs9IxLp7R8w4ac6cIcndnsvctQ=="/>
					<symbol id="3" c="upNJ4R0eEPVwjxpsyOpbUYIv/+KqIQDnecmemqNmJSruO+Nn7iFmbSz2biXW4jlh/1LGOeoFe5tTJrcptoh+7g=="/>
					<symbol id="4" c="wAnTcuOkqFDWkNXemyrzgVQCAQB+GVpL/mfupVQNamJ56+mFnDJ1C2jy1DNeE710H1eFu6UeqoMuyUANOGdPEw=="/>
				</question>
				<question id="3">
					<symbol id="0" c="nSh+bmd9a/lzKb28d1nrmabr401RGMT2liy9PsEyvUFQ920zFOcSUkCK3KsIbVtXXCqZyjbm+XDJira9pxjh3Q=="/>
					<symbol id="1" c="70x9YzQUEzqUbTcEpVzcMv1odPO9L03SU4ebvjHwvWwGFdhVSE21HW5UvFc2tct3Ke4Ds0/cOuMiOfYrwnLrsA=="/>
				</question>
			</ballot>
			<ballot pid="16" barcodeSerialCommitment="qoUTsJsRPkDfChzaSzFYqeLBth0D/KBi3jmA/AQCFPEHuD1EC9ISnaKb/jH7QdNerNwjkoBI+kChM3UfZAa8kw==" chitSerialCommitment="mR64jjE1HotOJ7er724qR9O4N0QEH2vIooFyCZRKEBdbiRdAyUWEZdznxjnFj9rxlrjn6RKL2CE/Kra5L+yr/w==" password1Commitment="8A3EISTI08hQEXAkNktdtW6Qo49gmySnFP4OuutaMgaS46EVDi5h4b8eAXMKHC/NsIy7RdALr1IAmAwP0ZYZXQ==" password2Commitment="K1tqt4pffRE6tOXswn3qFaFVCsK5l5AU4TD82u7/BJ+qZEP6/hygwXA+kAKgtoxM+UmPl1YZrQL3rhvTqrDB3g==">
				<question id="0">
					<symbol id="0" c="uhAogYRKwcT11d6TnlhQAufKoy33HOMl8m34JE758Hn1YaJgB4M239UjUb/82BtxXvLBY58AmWOY1CKuLWQjwg=="/>
					<symbol id="1" c="ye6Fko4Oos2Ryylbql3XWWk/UX4Z8NbzW3US1z1nTcDvsnR5f91dQnBOPDxsCi6/bf6gL0g3+1NXb9MOWzT5Xg=="/>
					<symbol id="2" c="amU1k9fGolkU5qPnQcUOVx39u1f929J6xf7YlU/XyWpdtskqHdOPsVuz+gQFi4pVRxJytliZaLehvwDhhSDAyQ=="/>
					<symbol id="3" c="81RbE0mVsBuMFH1UbbMdBmuyiN6riCMh+e63TjtL6JMhZ9KxwJWxkMb4XDdgFhzP2+pPK7wcrUyU0Bzx+Lfj/w=="/>
					<symbol id="4" c="XVC7qnYn/gBS2t2RMY8CZh75EWl/U/73VzweCbfNk9BzbhiPfMKibq9qXdHn0t/nTmcW0EV7LzohHq4HIYzi8A=="/>
					<symbol id="5" c="Yo+9TY7IvrAo1YA1KSR/OU8RXo13b2fY0BWs1Xu55QE0mHI6EEGSccWpfsEShTHnJ1FAvja9cSi0JVm/2zLiOw=="/>
					<symbol id="6" c="btTHZuTF+tXhs3FdnUDesjpVZ2b0iB5J3s3Pav7gDOfoGfyoHz+g8gmsOf+jas5XicFM0bKgM1Cjc67MeJ1qIg=="/>
					<symbol id="7" c="cP9fPwuFd5e7NNDUHo0wwpceAM81HxSewg5t1EhXOsra7LV+p1llJIcPMKDSgeHL+QPtuMQfoyXlaGWIz0uDqw=="/>
					<symbol id="8" c="dHw42O6nTPi993mxZqDWbjkN5p6waJhg4A3n8j0+KYY/tBTXNa1vNeTFlFB9i72Y0v5KUERF1t+ZQgOjox8JlQ=="/>
					<symbol id="9" c="m5x2TIQiSf9PWEfjc/pdWg6+H7xOMc5kp78cfkgF4Ys8mRtIdnzVgNeuKfsYj3sUhj+aLkQSPvHb7H705OXjKw=="/>
					<symbol id="10" c="3xnpbrmA59lk+oDEnPLz4hx1vy2NlRGJkzvW0UCjybiSgbdQjR9IGrMXUW8YKK6X+GOVoJ27NSy6fnydZpyzLQ=="/>
					<symbol id="11" c="qKqBz4xFkgAKauGFKsbUzOIRFFngt9N89kEgZqumEigQmFBVhFtXP2prT3ODsXQoMQYcsdem25xbiZJijt5osA=="/>
					<symbol id="12" c="1tKS6v4/Xw8dCqlAq/sEN5CrKt+G1iuYv8hMXQjZqNyzPCBlYN/leX+8CPg8pbe71RtusIizoEJ4G4usXsuinQ=="/>
					<symbol id="13" c="FVK9hfTYxWZqFOtsudbp8lKCZ1aJQct0OY5+VnPMCMfUnqbcuIeyPxshmallwAOZejIhIrWootsPxwNGsxWqcg=="/>
					<symbol id="14" c="yQXizlI9NL4eYBJN3ZPq0wf3TGPgFiQVmn9YPbDxek7RG7FRak6aovMio8y7omcn7ByIMavs7NeDxQDNnDkXQw=="/>
					<symbol id="15" c="9ic8JF20nec1dhjwKbhlq//psO1tOvDB/i0B0gDMsZ25QvmblNN9TOi7Ife8S2kBzDUZHC85mokkAA7p3SZOrw=="/>
					<symbol id="16" c="bQoG1NfJo+gGg25VLzT8Nututr5lpKtvw9VFxBeuPZ2DnzqnaZUlL6NBfwlqsCwbEnBKPgM9joCChug0aFz0Iw=="/>
					<symbol id="17" c="3Ivly2SJcpEDR8Z4rX3kzIXXRmyHixcTvRbzTjCcjsRqxeSMuQLCjIN3qUOhK8R4oojpOk9qIfQ9B5Wlzy6OVQ=="/>
					<symbol id="18" c="jREC2w+BUz+jtQL5Q1f6BHaTVRvPyr4B13063Q6Md/8v+laVX7z8fAEV3ShiA+Yyorq/od8IfPgENThXcJ2YjQ=="/>
					<symbol id="19" c="aBSe5fGyPa5FOja7AGNRmcWOdnvH7wy2U3NkwZVa/8X7ZRnTjGPml9A9+tvnVoWzgdrfg3+NpcpFcgBARoAb0g=="/>
					<symbol id="20" c="nu4FyIbFup8S1TD8CtEEMMAvXp4rqpjnx36I26zYdHLfrurFTK5xlYzk/l20pbg4tIPUXETerxfA2KtFBw7vuw=="/>
					<symbol id="21" c="A/0Ckkwi6W1T9hDL/BpdYXHJ2XDn1hz+3ilen9khYtMvheaUqKzQmulvo3foCkRQiklMXepaU3bRnVSxZ2Fq0A=="/>
					<symbol id="22" c="XPEAzm92hrrYwiEW3tkQz3GFud41SqGfHuC2AIlk9SeUt/xyjH1zgAewZPT60O+JZjzBQmEcTolSJtfisv5qQg=="/>
					<symbol id="23" c="mw9Ql5HDrXEBDRzR2tbOn1cRZAVD4UEIQGhnBn2NaJMGDQcOzm8AWvFwqhv6Gzc/9tL3gkqnlsyI++cFcYrRbQ=="/>
					<symbol id="24" c="dE1XK5STZCPjJzBPc6peJ6bINhB4T4yTMRLX7CecBT///mdDuhnrMuCKpNwOHPsyguRfupktsYIruj7oDFKL0Q=="/>
				</question>
				<question id="1">
					<symbol id="0" c="Yf6kSrwBD2ckqrTkPY4/11EKiSdZL9WcmshTRDlq4RtD8z6+kbv14z30hOraV4WtfbFSQl3WoJMFl1StRp0Y+Q=="/>
					<symbol id="1" c="x//3XOwMTTKmaG43SVJLMiIx1Oq4RPHarBf6bQ8x8DE9k11TScKxOFoweIXNbmi9cBZsE0e0Vf+icwsCk21Bug=="/>
					<symbol id="2" c="t8VK4r/lCIcdFtpN279OFm6t6JGBTXB+JcNfUgqCO2ZEScxoyQOTy0WbQtTt2ck5ezYx5TIAvSnLOlHT951UTA=="/>
					<symbol id="3" c="TKyS/fVpzAi3e1YfcrJiJHAQIGI30JIg/OLVbQv8910YkoJ/ujL1DN75pdF3dt8IR/2xAPxk6kwTJBmTjNF8Mw=="/>
					<symbol id="4" c="ZvP8vlmPkWE7gWKfRO5ZrrZluk6zfwTQLkvFUo6SxGhO6weeno/tpYai8r8dRgod6rJBPFYPTGI2pIO0Ofs1Qw=="/>
					<symbol id="5" c="5T1idLKajDIzriOUlBns/HIViGzq7P3EOsMKHE+HxQLew7QZfHHfSsOEHt4rCeReUzDvhGxSQ+NkQqEqgdLa8w=="/>
					<symbol id="6" c="P6H0AkFwMk8j0aU4NWT/tazD8WMuy5pc5kMyoxaXxqm7zxnRlKjaMQPNDR9Fkfw8+MlRHLm2esQR6EDO3PgsHw=="/>
					<symbol id="7" c="KJxeatf54DlQebyfgv9X6zVfy6ee1xuS/jnNHc+TThqdVI8nMkvwpg0tqrOQPaSjLE6+6ZLZWqxM+xOgeF5NPA=="/>
					<symbol id="8" c="+DGnqDSTlFc2NVpzXGvWoZ6bj/BDOiUMR5uIgf2lr5WHHyyDQH1DtMulWtLsfTdufs2pgvGNy6RLn2ULJTyngQ=="/>
					<symbol id="9" c="YSNZev/8bLNHLX5vhUYJ7yQf+vED7tj0Ldpp0Hyf+8DeHO9aoVUKZtoLd0/gRi5S2/5pROe3JU0bWvHRJnHVfA=="/>
					<symbol id="10" c="Wsmwei4kM/ocyto/UnBKXP0jlKdzmUNL3cjQa/3J+b8Y+N5oHj5vcfvkIqZrOd4MAn5pbEveeYs5JOyaW74bHA=="/>
					<symbol id="11" c="hciE+ha8oFQnAP1/UBxBKjaAS+BieWZ1ZdWX2kOdZJwArlkq9Ydz78XR4FZZKEDVnwXizjblc9R6lRyuIX0s9g=="/>
					<symbol id="12" c="/PGMdRycQjFCOBrScim2qwhFqMTtwWUXwJdyVaRUCWNlFtUVEN2v6riitAdMdxz2si14e4FGMShVkUsLot21Zg=="/>
					<symbol id="13" c="MlaNKy10I/STEX882hy0EcQAv7X3yWTJb5uxEOjU5GAos7dHxTCzAPK9FVRCzmtGtPbaR3EwsBlh9SVMVSTTcQ=="/>
					<symbol id="14" c="SlVuyatpY3Uj6vbjCIPiaKTUSyoqe/Xkobfi19OZ/6Ne2nnojXK7R1mV+JCye6IXQX279Df2ZuYgZQ0EvIVQSg=="/>
					<symbol id="15" c="fgH3TLJVFoMvuYuG1PdbBZ+KUq+70PanG4IsRXB/1mukcqWIlUz49KaWWbkvOUP8ieFhRSPvY8utt9J4POUkbA=="/>
				</question>
				<question id="2">
					<symbol id="0" c="UvQ6DxjzQcrseye7M48NtM+I9Av89fmHKzZkr+GWRmzv2u5NnBDYn7lq5QDV0FoKQOmiHPhykgc0uzNWl3kD5w=="/>
					<symbol id="1" c="3/VCtHEy+lwC8dvQAwWKzbFlTuWqW8zQJKTgHpAeHnpDfyxzokbMnj9nne5tPCecxOm3yItwhvqyiys6EO144A=="/>
					<symbol id="2" c="xl0PB9ALQFRis9FRqxzBEvAcLV3CzV83de0C6FYO9OVCxq9rUCZdZh0QMssvZ6NUvXDqi/PcQp7x8qcLx5DP8w=="/>
					<symbol id="3" c="+YZJbuIX9gwbNbt4ylv51sRTrXkEc+XTZeVjH2Loy092zS/hlJqo6vo1Ck70eCJ+D6yWrtjzzlx6sJ/9F3H1Qg=="/>
					<symbol id="4" c="3gHs7I7mTF5wSo7vVUzNMjo4wfO2SbwCmUynN/SSBLc4eLMLzUmEtRnupA4iFmTRsu/A9ndHLWEvSRE5LgVNNw=="/>
				</question>
				<question id="3">
					<symbol id="0" c="AqQAp+R6EPdJYuUzlk3WOxqS+KB/ln8jdwro9RQax4fyMYUvD4Ytpz5dkq3qsxfXC3YOx9A63RGT/CMNci3QZA=="/>
					<symbol id="1" c="8ljnp37LQSNe+G9zb0zmUWckDLGfJz0v2+YQQi8P9Cs6kSf3fol1YNB41HSDL6WvcdE3/SWKDRWfOhN6QmOg8w=="/>
				</question>
			</ballot>
			<ballot pid="17" barcodeSerialCommitment="2G7vw7htHGMv67Ddga4ZI21vkY1+hTjoWUFOBwD3Xz/znp0N6eBiWSO+nOKCJlTOzgXsBQl4ldQzB2RSN6plHQ==" chitSerialCommitment="C3DZfpAHDF3MSoYP2w9lAA5LGzZkxnnJrDYu6u6CIzzXFq4ZzJN9Y/zxwh+hGgEAlKE5Bb8Ke72Vj7K+Jrrjmw==" password1Commitment="FE2U0TtEZOQgE1HbPVoaUmCveU70wchk2lsHvUuloRqBdDY38saLy55xM1GRZkD6JkaP/drxCPiSDEbX7Nkzxw==" password2Commitment="49FBdmfw2bCgv0tUW+2mHrQHdTZUWq3dGTAc4buXcOoSXpFk5cd+604RYmUpFdyhukeWTpRjzAkoVLLJqd2dZg==">
				<question id="0">
					<symbol id="0" c="G52PQGvXpsNWnzZfpqvfON4ZNV1THbSSNluDIzN0rSR4lmUDYvYj652hxjFcV8onQ8WDlBlcjn1cg1rB8/b2Ag=="/>
					<symbol id="1" c="4NmWRpc4DlJI5q15lkVW7CIH6arVT7W4gCiVdagzNtkUHLGjiIWbA51lqCO6xcq9zE4SSBKfRKyiApuBKHIduA=="/>
					<symbol id="2" c="qmbddCji7QKBOYkhoL5r/rjeudl9azbWKvgtha/OVks3dc0viVHCxIbri51iXXbiNnQkCUMKz+pflj+pmLvP6A=="/>
					<symbol id="3" c="+FVAzBP3o5AIWN8yQpVgW7Ldd8nBZ2SAQF/KeTROvL++jhHgdCffCLbweDvHXCbRiy5Gpvco5EMmjBql9+9cbg=="/>
					<symbol id="4" c="OIVggB9cq0oQCePZTmLqIhTXIV8rKS2j/A2GNXYiqd7G8sBjeD7iDSBnhmsGJ6r2P7d9CsTQvEy6Zsom6ATVOg=="/>
					<symbol id="5" c="zaVXkvZccPbE1WflfZcEFewXt/yx0jRIBTzqSON7BK8Y3d0/SbTBS7uov3ebou1gfKsal0xs3rmEi9pW96WfVw=="/>
					<symbol id="6" c="xs9b+NpIvfzlVhAxVMmAwkKz7ZLhlzmsJotbuG+VavQxNbuEOGuXv7SZzCAbCZzWFEoaTdv16wc6Ys2qQOPFeA=="/>
					<symbol id="7" c="1ZmSkk0+2WLUI4XRUlK0RE84hqPRWQ7BR1ot5OIm5piCtt7GNBxCoq/XW1iXQSeRfa6wqqU+Zn8V6cCHwhltfg=="/>
					<symbol id="8" c="16isXimPKSz29siDn8/EadaYsVE95B5cU60n7PuPi+zv5cYXTBcxmhF5QvXUjRHacfr7zpK/0E1fZyXuyuLoEA=="/>
					<symbol id="9" c="2Q24TcByjoSdSLGyJQcBI4e53EFBl8m1C0uNAenqPewlW7+zfx6wDqC/2xQgHnqJdVuVA3X8XtT0U/NZQoVlrw=="/>
					<symbol id="10" c="IX1mfsGuWpNrPkCGk+Gu0cq8lVX7N2m5iGjMuGGvHEyZdxsOyd6vdTgxrw1cNmgEONW2nw8eVvRBeJeOd3bCsw=="/>
					<symbol id="11" c="nW3tIiNJwwcftTRaC1PhFp96bVgurhRepqlQOhoFN0DbAEt4U2NZMWk7cMMCUCid6JVQsa0CEGdz7GT/2Uqvog=="/>
					<symbol id="12" c="eEvf3AGNJaZtiIFj31eIQmX6nEhtEfuEKo/T0K2znoL0Us31SI9beBhO0ShLpEiSZfETXokdwzDXtU5F1uhprQ=="/>
					<symbol id="13" c="/ICYfLVk3egeOqFX+CZ+Sn4+WXWbqgEcLkouut6y7w6vmumyO2BIBUTb6tfTVFIGwiBnWS0VaE8r8pKpXkTmcg=="/>
					<symbol id="14" c="yqaUUn1+BpEtZejVgSpyY2oYvv13d3t8zVpmQ42bBfYRkv8W9MiUxvrHJMSfxyPS8hu1GLoYS6+yaX6zQ9nBag=="/>
					<symbol id="15" c="+I8rbSZ6kmebo4Uelup8QMWC9i6KHj0jXtywBx0uMdgMgmpIfpOzH3SAew372SWskCjNcynI2gQ9KcWD8Oxtog=="/>
					<symbol id="16" c="ZSZVG3FWmkyrMHXS862CBrGXHposd5h46cfqhhobFI4rS/XiDUWdlUnu8VZ+0Vk4H+RtwjpHz3Wc+gL9gpjWsw=="/>
					<symbol id="17" c="r+oYl8NcqoZjg9WIdcEX2EKfApzgDCMdK97RMbiU1faWa31uhpvKjaWNQRZWiYruhxoFiRlHzxY8HxurC/Pg9g=="/>
					<symbol id="18" c="AA2Z+98o+Lf7JuvjaQk22aDCf0uv4qz7KmolsVJJ5Ht86kucWGaeEYfn6aIouYYA56HcZz2FEvia67FpD04siA=="/>
					<symbol id="19" c="5eWxkFiBVXtR8PS3MWDgls3RSx9kJcjIRWhKT3Mm4bBU5brpLVUbze2ck1NqPk4Y32qFJVRmuqpPcs5UwOnixw=="/>
					<symbol id="20" c="2d0VxOLvvrRcGwaZX/PK7/AmiiuLtpeMvFK6Br2iJFm+krVms1LI5LpZyYIDOiZ5YXfiRXkdwOPXXWMq8fD34g=="/>
					<symbol id="21" c="S0FmrNzS/je7ThHtKibpTGohcUVDdD3yBO8NSFMarDTcceZvcisuK+66tCq7UgJ0DW+RlLD8pWxfDeZUM7uqcg=="/>
					<symbol id="22" c="hV6+AHrz6xQeGEjle/Zxrrembs6p1YnuZwsoSPQ9lPyn4CEBKQaBVtNQphasLVluqrqtXjvCxlYj7WX8gne2VA=="/>
					<symbol id="23" c="8OYDDwnWvnxqG69v7Jof4e54QjjxOoRICJdXjikdRqZTQok82N/boJw0X0KAxNoxog/4TzsydnUwalHCUYnqMg=="/>
					<symbol id="24" c="6shyc4WN8T5u+6u0cGcTKze0q53PR4ZG7xUxn6ePIV5n+wxtiM3CSCZyow4NWv4BRo+XgYG6L9VTYn2k4qC2nw=="/>
				</question>
				<question id="1">
					<symbol id="0" c="cft0qnRnagsk9pCSHWp+pDgtufbLZnOzJlmUCE9OzRs70ndDRe6KWE7kaaKIc5o258b2YQqQsvBcSfMNpO5bVg=="/>
					<symbol id="1" c="rAvbGmkabyrawjJjGeAPVI3prvN+DiM3IkmsdPY2DvHWSgvRVUhtaqPOCA88bceFs8Dj8FXRDPJy3sCgSc86lQ=="/>
					<symbol id="2" c="eeZnPQ393ciq9gDXX5Qt0Jr65CBYIz1d5Odvg9uCC1JNNY8P6yNt2ckAvIYey2RdhB/hij+oshVf7I2rRWxP4A=="/>
					<symbol id="3" c="AbUtZFqtnQHoqvp/NtG+sLQ0VCH9oyLc1+K83SH1WDGcZA3tV7c8aIxVIR6+a+YjvSFCvzBzRriHTL3ZQZpZhg=="/>
					<symbol id="4" c="vduXiPMuLxsfzy/yg1lJ+oSn88dW5oAjkhMFXIIbrT8/zUrtNDVM34OrV7QSIF5NKz28T55U/kMrFDM8+0BPOQ=="/>
					<symbol id="5" c="59I5kCKhex7mkdaPNPPF5JuIB5l+KyfRJt9iqVtGyWhhSkYnyh6Ra+UQ+XW5Dlcw3QusHN7+Lm2O+yjcFPsu5w=="/>
					<symbol id="6" c="5A11JHfnn523KsLgxnyLPyLzAwwRBsH041mrqfYCrxEyNtdEWx3TzBH5OmAbp5RjC0HtvxwV2RP4nRk+66hSVQ=="/>
					<symbol id="7" c="zgaqRHO14cQEmXSmTcCCLdoQGogDzINXygTWtH7fnBVp9194E0yo6lDQtL577NeA8Pht5pvSvuHjmFtQxlFcwA=="/>
					<symbol id="8" c="7GfmjTLN4/e6VGXXlOx3E3dCl90gP4ohR2d/wGo9K3M7IWI5vLyChcjKlKBBvkshaGWNfPHBSseIjbnDQREuVw=="/>
					<symbol id="9" c="roM7467NMMeM0RVmN+fDx9p8YW2nktYbnTO3v4lQPlB5h9zFAwajW3j3uYxQDMso+QLXlkKZIUi1Pxu8rmvJQA=="/>
					<symbol id="10" c="AlTTqvL7QEquCbnVczd1Nxse/Rh8RwT/Cosc7F9q4AHCbhWI47ZT1sA1cxta/FS6SqV/RPcM0l2CUDg6lKIneQ=="/>
					<symbol id="11" c="7REZ5LNI7Ws9Y/dIuj71GalS2iqTNSmvC3uT8byqOvO4deM/YgQEztPFFN7q4R0MlmmVn4zwOd7hQyX0jFZzjg=="/>
					<symbol id="12" c="drYojqt+Vl57c1xOmChoDTG41OwPbC8H5n/Phv77uUIC85ZELbv66TCcIfVAee9E/FzEkdlteOm1jVnhHd/Mkw=="/>
					<symbol id="13" c="3c3CZ+73Dcc5XyIjr6sUo+nQ2p2PuhXa9yIMQWc7xpSFfyA6OxO+rjC6ZYDUGKd6sZkR/EVP4DnjMin5uEUomQ=="/>
					<symbol id="14" c="+YmkRemRGortkoY9zN97c2mI4a6+9WPcjBnGvIl0mrwAghHhrcD3YZZh8Z5qoQZX5UzpjqluiDqSEz1YQ+YqTg=="/>
					<symbol id="15" c="xgqYAaN2j11n361ntOlVLDxvKMcmEzdQ7a5cz5TR39dsIaYh394TWYnPW/ftlD/bD7uIep2d/SFrXDdFKFGiKQ=="/>
				</question>
				<question id="2">
					<symbol id="0" c="Z9nEGhag/prZFA0B/Z9AdGy7TbGg8ebPBy0e4++ExzF5oKYEEaJYKr4tTAOqXgRQ215zvzY/ouyohqh1AO2pWw=="/>
					<symbol id="1" c="fYUj2BKf7IxdxOc32jPZBDkovFicYzsSjZpSL5QAMgzAU1OrfI2p+aC4NODgojamQGvI6v7Yeh2AnShnP68t9g=="/>
					<symbol id="2" c="Tbr7bl5WMO+KYG3bM4RL45mHy5aVoDz1CMRekZssl2SU/k05wRbn5FbYuHH+jXVTUyeCYw0WJFSjHFJPaW6PBA=="/>
					<symbol id="3" c="xw9Ek0jdCbZO6929RyXqDRhcqeV6+JZvfe/7C6AEPBmqwsI9+vtx3ax2gFLbT5xxGwP5cN9SN78sYA0GNBK8pg=="/>
					<symbol id="4" c="uNkIzZig3YiQIhs6y4QaQak523r6kclhbDQQgcdGxFrSEUKsDSGjGPPQTpzrXWXY4ZfKrmAOtKzcv0d1cELxYw=="/>
				</question>
				<question id="3">
					<symbol id="0" c="GKDk8G33eKhRR/gWxQCLY3wSMAurWEgvW6eE74rk0hLhW7goBjtfS2VC3z2jGIVsB/LZEZs209aViv7wPNP06w=="/>
					<symbol id="1" c="c6+apGZVdpxxAvZIuzqJdai1eQY0yjXFR1JKFy7r4OLL6+qxd02OKvgqQw1m4o7gHyQX0JaqusmSzee3EbukRA=="/>
				</question>
			</ballot>
		</printCommitments>
	</database>
</xml>