<xml>
	<database>
		<print>
			<row id="0" c1="EaYe2BToq529uzV7Re2vMdlqh38Wx3sjbcvnE/7qiWC6be1ytPGzQDsOotAUx2jkOpVThQo9zq+RRwDIQGxrjA==" c2="miwpBP5f/qS7euuTzSrtQTGzlITYwyFuw0alrCsS5WeCPVb6Dl26UeKD8cyBe06BvU5TBgk/WPM6xrgSOncWpA=="/>
			<row id="1" c1="t2YDhIKYRL1xCHL9eOXgdqPpf/XSyYpgsCpGWrYch8xDzTKZatJfviCN/yLyap+2pX1vgcLu/aDfg6084/oZMg==" c2="PGfDNjHK0mG84fF9PWt4dFg2YgSa9p9H3yHztrHFuHDU/vPrymC+yrdd8zHwmNByJUTFApMB0RaVKxJa8z+ZUA=="/>
			<row id="2" c1="6gVmHBvIUBardRFecK/SfUT069rKmt9XB8gaaP0r7AQgTb2pLHmLAN0i6WzNVmJnu+3Cfxl9Hz9CqixW/2ur3w==" c2="vy4Zz9IehkCqHpIA7qM+DmOXM/BPK/KKP2lPZ9IN9Vpoc8cyx5q8gjIo3fVhyjBW2mTJBCtsld1mjrTm8grDdg=="/>
			<row id="3" c1="2qDZDZOmlQsh8E8kDnzS45S9NXB9vqYWTFwXYHkctssHEjYmVxUepPWYan5yaw3jIhLwkB/o2JlhAl2l9FbZEg==" c2="SiZX9czXSQeyPH6jLWilsKevShbYbsFanc6KvJy1sLTScgq5SAd9YJxOyfzV/1k+lL4m4bOEFOtDsAHitLeCdA=="/>
			<row id="4" c1="lPUvANWAVL2Z6xH6coTjSNFv/AFOvU0hBX6E90OcfOc9gqLqxC5LKxE8lt7NvRPg4alDxfzx/QqlAt2jQHvjrA==" c2="y8cTCTYmTfflNDVSW8aWnX//KTqL9a0kyztvumGq44fCAQp1fwNoQWEKZ4QNi0EbbkXd6Ik2x4afGaKJkkjMLA=="/>
			<row id="5" c1="0qIP/6UfN3RhbkENXeMTaguP5QCX4zhUpEOHUNKEADTH4JYo5NoOToeS+UdpbUCSZCEc2YAuEgoAYTPzLwGvbQ==" c2="sWkAiDGQ+0EaKSPLDyN9cdnSRrI79bVvsv2NiZu9BYQBZCY+LwrjtaigdfJMddGXgBaH2DzdA06uJ62whBNmUg=="/>
			<row id="6" c1="HNjY8qlHqtE9wgG3c2Wq8eHiKRIYrrC3gyVwQUDz4dZ/GKzvhhBEUnPcjKt2+73XzUcbmjSd7hmk91ANOxHbyw==" c2="33NGdSDYSwJv1fOynAhEBuFxlQGvQ1duYtQleurWqb7SmEbYncuczEURlPXDNUZhNqZDM5WSq/eP+L0ewA7dTA=="/>
			<row id="7" c1="P4K6XjO1kovg0mtWPq7isOASjGbIzAQKlJVdq4LwekVLtnvVb0C3nRqxxVzBUyEY9xTaLiF4jhhQhrhQWejBNA==" c2="8n1yxNCoyGI2cGFP9LahYT0Unho9Ha6BO2hbN5o6PV00ttNFStl1085Bs6qMyRbmfOAcS+7sMngfXi9adZAWSQ=="/>
			<row id="8" c1="dzLlPLJnhv6WaEC9489hXBCgEu3mI8dlNjmQMrjb4Uws40x3Mg5V2svKlphj3BpGtXMTt4PI0Qxihp8JIR0tIA==" c2="kp02n5WDh354kgKYO7CqCIo4WrX/VyhWWFs49Lfc/3yTnYwzudL0LGmNDwg8hxVD1yj9A7xrj8Oq4bnAUyQgKg=="/>
			<row id="9" c1="dsk4OqOllKFq5YPe4gUq6/ohsMYRu7c/MWdsmLfEf7fESqXsoy38Hw2pQ2oFeNpXJUQcbJaRZZpmMnIy7v8hVA==" c2="ZMwX0L4Mb1h5d4u/FD0J1OXWeWSdg+SOUNH+WNJoy3xicGVdw5FluYC+NOZuFQpMk+cLpOUumjembU1aB7Q+yg=="/>
			<row id="10" c1="+rklGOgRWR42lIkxvmHlUpZmXrsexGRNV1gF7UtPPygUTbXp6rFg41PsQwXj4QO73MN3DveB1i9h+iH8D3Hj6g==" c2="XCkWVb1bTWYbm9hOYVcaPRgp1o5GMlipnbV/LpCGz+yWCr26q0nhL1UedcKKwbDxCLWWIeWxgmmc/4E76/1g3w=="/>
			<row id="11" c1="f2cJ+qs/AJ/MUS3LxP8N0PdTcyF7eB7sqqUhTt26SMaWKNP9AuXH7EvAAhSRrGorJnc+uUKpi6YW9UBGFQ0Mng==" c2="ta4G1cR17whDAevoGtp3oJsBooq46o70w/wlMtQaPNMs3SYfaHT3m60tzS8z9vm2oa0DQOpvgSy/Mu8SJMpeEA=="/>
			<row id="12" c1="fJfYbU88h7BKksR1v5y1g5W+3KNgjfViGcjG/J3SwGUptz8wpKJ65KEwLz6VPc2ITjSbr/khxJUjUfK+V33UgQ==" c2="KiOAk5d6pIlSEX4ejWRRRkPI53BCs04LO9vwrPeIhmFm1D7tXT0d6hwgCHzzvfpOQmTn+4RmPLRUiu8hUQ0fhw=="/>
			<row id="13" c1="b4NI0UaXV638hhGEWyR3KXVC5JnlHVgKJxVk4YYsXDX1HqObeShYbhj0RFgb41qsqiGscF85Bwa8UJybSdS4Fg==" c2="TqIvTWJq4JRZWchBIddT4F6sQzNp6eus8nTfayFf2VqkjkHJp8rBwWDRIOLBJnLC611hwyDA1LBOlJg9s6gGZw=="/>
			<row id="14" c1="o+f5T2TqfCAlG0+ueFsw33OQPrfeQljxrh8wHTniVYLVUcNORl0nIzSUFXlRU02fpHATTNG89HYHO+L0QKNCUg==" c2="xyx1fwpTvwKyK3iVp68LECD9dKO7xB8o+KDqD7+bCuNAq6WPsh/uuH0I52+kWy63/I94372NOEB8xqlZr9ybCA=="/>
			<row id="15" c1="sXzAPYwtygfl4kEBfwuPtJKdAx1UVNcXPRlNIGJt0NuJv1W9JYFjT9EzpntFqH+Wwn1ug9db+411vRvKpCSaJQ==" c2="i9TfqUvi9rIrXW6kZo4CBubg9tfziN+9mDq3WQikv2zJ+ttRKsUkYt97mOUieAZ2rLz3qr85vGTEfEbgADSpLg=="/>
			<row id="16" c1="Jxs2CoH6TzVwnYW5r2errevnO4y9XxpOR+N9EVMmVTWoVTZqUxcAT9m2Z+glMljBONmMyh0dtURu791uPe2UcQ==" c2="8UReRmueejZ47OnBNyQDW+HsbRzg8l1pjiuneKbzhcB/E1VLZimy7K9ny5WlojpgsC4aiSBmh9FZQLJ+oR/P4A=="/>
			<row id="17" c1="nAlzPRm3oZ+gGpXyBSd9UdxsREWAHgmBH3cKiZYaeY9e65ASJTgQR+YeQ8bpXfrBsOBqVE+PbX2zIIhHZqUHuA==" c2="Je4qZMHC7unG1e/P63uKO97snudOxL8KFgMfIt1QpHLdLBLUH55KbWttgc9BvvmRar0e1/l0ZJm0ECVuqwCiVw=="/>
			<row id="18" c1="EDLYxZjkeW01FFyAo1RApsJ8IxlvqGP6Y308sb7xLK4Zqwp0kro0vK3FlBFFvhVXJjs3mFpxsEI2jUSpp3sJGw==" c2="qVgdKo/KTFxOXXTSKITq+3wl2wzF/BruIO+L60xtyA4pOnhGLe6SHIao6zHNq8OR7hKLUh3G7GwksezD/w2nRA=="/>
			<row id="19" c1="D22u8COKEu0SfCWyvfIQldjf5sruoDOLi99AKaF3OfVaFLxIIDgCoyAaRm/wEgTDTLkMQ4SBUQL7GNsO2zVHgQ==" c2="S2kRVGJiQHjI4VivUCqIcLxJSDwuQgt1RVIsbYvZm9cc+26gLi9MawLI9IrXSBN0/Nq9aq/pXnnJC+zm3XDXvA=="/>
		</print>
		<partition id="0">
			<decrypt>
				<instance id="0">
					<row id="0" cl="gPzXwtiA1YrUmsGcIPtpLTFoaX6Rodtvl/VILhOLk+DYAJ3cUEyVWxV1/9nfB4P18dtd6itfRyDG+CtykcbuOg==" cr="daAIzRO3eI/gpP+ZlDPI4i35qwIYLCaNgxwWJ/i1CptKoUBKcjs53dWmCbIrVRyoWsCnOdfOAKIDGqXSnhsIZw=="/>
					<row id="1" cl="LLuDeZ92DWe6RdyfdL0Dw5/16mESMHeowHzJ3RsfIMbIriY5ootVjlFdjCGLCVyFV3gxMKXx6P63aYY+Vp6uhw==" cr="+/yVbNULkg5DbULoeZXrEAsXATVCbaGnlMd/t+GDAFtR8qXPNZjvn37ve29yaI5q/Mlf/rdsKgGobKWDuVgpfw=="/>
					<row id="2" cl="zROI4NIzuYbc8Ay2pFuORTRx95cAqfv4S29fX4OqYsqhqe9WbOAl4hT19/vK80F49UrMxrcJHhWmRu2zeKIunA==" cr="puR1BpkRC5DPr3vFFEFc2w71t7jQ7jqQSq/Ef6q6ZACu38Hqtsy89ZCi7CFps2thBg2C+mghJNXjyEd+Ce+LKA=="/>
					<row id="3" cl="ZX4V2K5eJ2JAZWPm8rWyWBas15XOwObhXroSJmYMWf6/Q/nZ3hxDw9txDAUGi5DkkD/9TE4aibvwum3Xf/n/CQ==" cr="GUJTZCU9Ka70Su1k5KOYzBQYwP6YkHsgpK+w83f4x4iD3WSa3n/unBIVgXT/UH1hlul+Q36IzB2VzsTfY7ZRWA=="/>
					<row id="4" cl="xhv9sxjCPzGnWdRib6aj1BeIbRjO/TYZtvwYMiU+r+/bzhRlhkQsFuGzs4MSxpzS/xQz52eFfP7xUS/pSSPK/A==" cr="5wlS76uNFL3ZcljFYnFWQEyPiG4mVxLuEkYl6yS5UgqmF/I7RkfI2O5bEbkB2CDy9xGY9VWrx3z0QEu2c7KKfg=="/>
					<row id="5" cl="28aDJTEYFSkgXRAvmH24jf8tBfgNTRMsam7yP2JmgC4NNYMMQzROk+7TgiimSifPor4nCTfA3EwvxGMb5JR9IQ==" cr="pA9R7N1EuP7q5lm6gVBgVPxyE8feu+XfJrSpAYD64SRNt+1OAgbkVOS0ub2K2C4eiregBuS0Qz4lVrs+dqhYTQ=="/>
					<row id="6" cl="7/JvVRkfnhAYMeg7wJvpUKgQeg4I+nKXmZr6qJiQmlPTFE8S1cKMKGd4CjmEQjck+n2F7vmqt5Igy4p2o/tDXA==" cr="5uGJLzVjx0VcUTX046lZhXY9E6cjm5Yk9eWqxAC+tE9RxwokAk11NX+xNd98cCGcpFUz9YzK0Cxa9ne+DOZhrA=="/>
					<row id="7" cl="mEuQ+X4Wy8ZWJneaD3cOFYKyPar48F+d/MBKPG7DkQTMHYyjMFC1kr6dAY+btGxmNzkc+ldEUI6o0w7qeqyCmA==" cr="ZFvdDc1UJk1WUP0yL//rpCH39dmovGNmSS+Ynz97FsQ1pRVt6IoMjZK0l+OJbS6+ErPjaXSMtdRtZovRoluRDQ=="/>
					<row id="8" cl="pJ9IowzDGMHLhLDO3VOBD6S4pnHK7V62TLgHayRtq66sPM3yQPiVY0we5zmHywLZbg4vGhSOeEIVZq3ukgwYyA==" cr="miHE3w7sT5zMpfyCMO8f8ncF6GqxsNXJ2fkTBL8nObwJgdZK0iNbFh4m07cTzL74eTjDss4ztQq8toV8p/pYsw=="/>
					<row id="9" cl="VyXKU/96+QF/GKIp0JyL6jpnSgS6B3KecTog13qR2jiuPLSuB9ujD2X2yFzgNO/BB5NDmtu/ppV5wflEZizIZQ==" cr="KXQVeSrZeTVVlaJAuQ/CIlTP4aiC6dSgEEEjJ73ciI/HUeOBS/dWBwIZoaOB9kZPxyrzgCZNUIp7gaulnzTJVg=="/>
					<row id="10" cl="XrQaboqVcwUZ+7+fvC6lcOQPqKRTQYHwlP+LroX+Y611TJLwgNqyng71X2rbzMVYeEnhtUgDb+rUMck/U1zLLw==" cr="4UtqQu8DPT3E4UGg6pkmixmtfRMnU8CVVFSDzqreN7P+DL3CY1O3lhShMbYZ4hTKIafM561WvAsJCwzX2haV/Q=="/>
					<row id="11" cl="UCQMSHbBXmsbKU3+EKj/QvNukfO1Xq375EmOBrjVwYIFvNlfPiTRs0Kcw6Hr6ONqmF3Itywud6obj3Fqqq1PxA==" cr="7u5dXpOXT9G/3cTgxi+Oc9dgInTUpaz75U6jMK8x02ajT3TiSoUWgu2bEMswTviMsqxqTx9jOVfG2N5Af0x1BA=="/>
					<row id="12" cl="xyGkocrdv8GJNsLcb+WpygTXM3O0JqvwpYY3/zVizKYrxOMpWq5R+E60Rfd0rOZiM2WJp7x0XFGFBA5iIm7ubg==" cr="cZZqH8swZ01rVp1rl9GXm4+4ULIEgsLlz/Rn2OjMq7NT8LWa7V4O1VL/ay1NNWi236bQA468H49nkEkWKZbTIA=="/>
					<row id="13" cl="ED6vlKRWf3TNOQyEr4rwFYsCz5wbEtJ/w4HF+KC93ndkVXOjk55bjBrJ9hSAmGsXS/ce0aJgnxPsLSP5GMqgUQ==" cr="5zBCETAoUQjbX5poIrxqYwYXR5zez+6+1x48pBjheNp9d9ze1s5nnUn704ur0dnuWv5NuRtL1BK5yMz7oa58Dg=="/>
					<row id="14" cl="5hTYDo+XGQS0phtWFNyO1IgxO+v/4Vz9AM/0ZIwP7eklaThngK6/OiAnj7b2PZulACVt0/UDm/PS/zIKFRjGEA==" cr="SB+4a9dj5Jo0ofLIwFQjtK70p+J9TjUN4CcZrRLRI2ORvZ8POW24pRyj4aw+709P4UyFTMEPL/CSG5wAKKf8gw=="/>
					<row id="15" cl="yss4tGt0qSoIDko0STGq6IXhx9v/YTdg8J73awavIsc1NEQRoqw92kSiYRuFopQymoFREeedWVaS6A7HpeIWgw==" cr="1+2hdcEVtZXZwSU/Q7Az71+egntYXmSyjy8YZVZUwu25uGsmNyuJaAmnZ7BZefNFB7uZYXFgpe760DTK/3qazQ=="/>
					<row id="16" cl="grgPMWLbx78/L5sQjZZpdsOjDAmt4bbWiq4jey94UUOYZzcUAAR0nl5B8JNN0UUNFE0FhtDNa+bcxPJnIJ4hKQ==" cr="+PXszrdbILrYiTwcMYoQ7EdId+y5NBycGW6iPltOjs07VFmx8HRMhoB3zYvOx8FlhAQh7Zzan4hyuERA4bKVdw=="/>
					<row id="17" cl="wR3dLyvjqWqhWtXUHU1ptL5qa0ZuJffqGbOuA0Sq2z2tHv8VwFJMCDnK5evsZDkrGkMaEfLXi/CM9OGkBQl/bA==" cr="bfYZLvvJITQBW8ZeUWlBWY0gJCXbOKvk9Aeq90cCFCyQxdAd39V8tKxT8sj1DPYUhUJBvHBmtqlztaSwnNmfNQ=="/>
					<row id="18" cl="7jnwHhAPltM3eFEUrZ03OuV+LwanPdA2IhNcscyz2Q+ojASmMT96+yDjhCilnm8bIFS/aDzvICNrvmB/wq7M9A==" cr="LespACeXpYQtYwydXwPt9rkOAbIOVqayxgIjQD+zLmFaRCLhnbL621B58TZuba97PgzlHOzv/NgOziRuYM4t+A=="/>
					<row id="19" cl="BFu5ny/Mh9dPR6KLyfPfvFBhA2f2cER1Krb3rm09rBnKt8D6rmwNVAiEcyatB/XdKLtQD7uNNuKqoSjW1Fcqaw==" cr="sd2LWAJFRl/Q5RLKnszkk6R+8pR3Dt1vnEbgTrOB515YwoTlER9tHR6ObMLcX7/A3yi4Ejo0ISeVS6M5cJrQKg=="/>
				</instance>
				<instance id="1">
					<row id="0" cl="HCMU9nOYh7JNJ79AwmSNG+5v4rIs8OaWie9baTc/QBRT0fa4sg70zSBKYTkhcx6JqfIUSBDsItpPq0Rs0+lujQ==" cr="SX1O/GYz+ay5IrlznrYOQD7sRej1ymKMQti17ZjvDZmepwtEgttG9Tev90MknFpGblGgtKQnO6lF9WfNeloB5Q=="/>
					<row id="1" cl="XGvm1AfBVqyqE9LmHoVRiYv25dMidlUKmTm2h+5ZWzcK9PnoLRROVzxDMse51bPSqDGBxNs4nIEq+LcRB4PWbw==" cr="aPH5OLeO6ftml+62X65JUZrRb09SP3+nk9eXub483suNnwvy/um6wbAerOxiZ7L0ENd+AYyOXhXzM20ymiNCdA=="/>
					<row id="2" cl="guwY8J4p6DyC9JLNKNas2aIKYwWo9Pt0FGziywuReLOXQHiXrqVBm9Gmd9tf3Ch9Ru2uLMvtoGQZ11OT4Rt8pw==" cr="9U4oVxmZudxAyzSw5KlcOvoto5MnNMc6K4nfzXGMYB0JvQWx3DFo+aM/naM0A8ZmXP7jkvKGwNPCpjmViI/pag=="/>
					<row id="3" cl="KbyX2G7zkfknOoSNyXm36BzFp8f8ybiSqdwxgZcpyk3gpNlScj6zkAODsDcWZc7lNevvAsSTMnzrqhwJX2zsOg==" cr="fy/Yo9KyCTz1b5Q9Fg3lhpvShTxpkVrLQtEDW3+YD+MWDv2BfZyvwAc2SCyLDupA/zGZUSNeGnOIRednnmbuLw=="/>
					<row id="4" cl="O8qBwFov30lNDZIP2Cmtenv+R0Vx3NiGrNyLGFKL6v9fek8nlFFxERdfRcnAXR5OX+EVg1Bw4tpMh1Xd0dFXSw==" cr="2WJlcKEEjxVBXYo5zRJXJXLDIJxYbT5HNVXsm+h2ZQNpaW7yjml/3S5o5GIZGI+B6wkzqO1kS9m52X/R0wp1mA=="/>
					<row id="5" cl="ryzs0QRbG515mB1t79jypX6WVtI9jfjzjm/XYL2FmdUJexvvmTzEr9BdMPsvY4rMEaWdgs09pTQqZf+wN563MA==" cr="YyTkl1eqHMRkZlywVAUzhz82WsPxRG0pX6ti4Wzz2lTCL7Gtf5HpMJhUviIEV6EPxzRpNKbVY11NLWYpWz+g9A=="/>
					<row id="6" cl="NcJ6QDIvYd5BU3/Bdt3DoYtwfqt+bBJfVhXpv0V1gTZKe+UiAWJ2p2wIgPSGlDztIWG+1db9K5bQkAmoho5gWg==" cr="+SXeuqPq0b8KQv41CLT9+pGwCt4YssLJMzTjmT1pOND8fdKSGAD/Ehpn4lPJgjMCKlgAAUQRkaLuexxAmOw6Pw=="/>
					<row id="7" cl="06obgfCl1dToio1m4EWqOumeIrlA2SNjzyFtYyHAd4F0j5rifi7yeca8ShWsPh+1Ko1GjgiqYtciZbciqKwjEQ==" cr="DkX50oSDpRyHMWd+OHsd/SMOrLpOY+237eMHd3kmbGroHvZnJVNXuI/NQ7cqUcmXiDVKc0imEp6s7iL+0tXMLg=="/>
					<row id="8" cl="u7UqnNlvMCl3X7+JFCQ0GcNry6RijW3TmWZzQGmiwLb/dTfZLapR/7uXYJM9BSQgkGrSZmFVG4o1xnRlCQ+94A==" cr="iFIReOx+Dk8hbhxUSH/CMR+V744gCEVQikfmCVG9cvOwT2XpuWkrJAAbLu7GfAw4MqJd6TLc3d/t2LtaWoMMOg=="/>
					<row id="9" cl="rOBc/1juQovjH0URSi+9ANn0D5dW1K232W9c1xVBT5H1LgVkxY6pCL2dbampgH9ivGhB9BjDNpNE3/SNO4dYwg==" cr="AyRxM2ZDtsay6b5TGCfPJp2x4GYO5q2WSVegRGxlQc8QudTREUV6L/8MQVvHUTv5AKJ+PIgry+07cbggXxgPbQ=="/>
					<row id="10" cl="vbmnPmXrgcYvjGIREAjLjsfKmv0/Q7OmXu1/fuKJDZmnadBwbfEGqNCC5D7krJwnut6tFkw36KGxJakTOO7AIg==" cr="eKRcCW+LdrOKQXj9Lyk/nFjl+5KOo8p7IOxHEYTNgAu5OUwZlKO/vjlbto2Y2gnVq6IBr0YgAdq7gjCOHRn5QQ=="/>
					<row id="11" cl="CL+2i+9aHY9T8csGCUDq1oR2CQhcfEQKydl29uSXHeWDredzosDHaI2i3XnZ101Qk3vjsfC/BPuEmFm6VhDALw==" cr="/HrlUlIf92IsTvNUTEoJxhf4Va8H0ckh06g47fteYRlFnLQnqZP4j3uIc4zv5D5RB7eU8k8oHWvSp68Vh8mQZA=="/>
					<row id="12" cl="7XqfTq2HR1Oob/87Abxq5yBupGNqy0jq5d9Y34hzja9AL4NH5gSRhr7GApEK+k5Z+rf0Hh+xBWFfIvv7XqqxAw==" cr="RIKdrXDJjU+tQp1xKWer+NpGOZdb+3BE/WuHlfHSDk9IFmOx3W4iwwyjT5tyTwP/DXWYR4Dw/fHqmx4iPrsZ0A=="/>
					<row id="13" cl="xVnh09Pioii9Qs5jU0UNlZRFGNbetqTfKb0CtnzXYbXy7Lz6AiYt93sTqu/hV9y5aOLkpL4MAB+SNQ2Kv05RlA==" cr="aBlEedvuPLp2ynA4Pxw4eUPpCoi3pGnn5/4DbDApKbQle1rpafo1KEmeuSPDGs2ndZFERzVWm1/dbK03kkbS+g=="/>
					<row id="14" cl="A5wVddhs2QH6OTuJQuxB4SzLTpsq+9bT0enqGqOVpqFBnsSdls+95Dj2ruXhO/0VKYef2kpXBHO6tyVEoRzOZg==" cr="zV6oLFbidSthtaJch0QBnNfFmPv7dAtAFdNF6Q0gdbVjDB6Kmsai7sjUomTwrZqCrAtpxos2n467xAQR45cObw=="/>
					<row id="15" cl="BGgFQ5OQFJWxQAg68o5pVPAcmqtaHRyEjRNTalAa4znrPPte5GqA77U6l6zjK0QwQazfOtnBb9lbeSuSm2HwuA==" cr="98Iv7J9Knvw8S6cVgeFvk7KCdhOJsrYAvmOxHsDHJCtrSx+CUYtO3ZzvI3RMfSPOv1gi2Qb52Q9+FMjn+BKPkg=="/>
					<row id="16" cl="peAxs4g+kPH6ybtWiRRlDC/QQZD4s6DS1+Kq4o3FmPKG71NgUrrd6sEBkeZ1UiTacE9YrkzLF0uGLEJSN1qxdg==" cr="/L9FfWjExFneXccJimbJSXeaQJ8i1l5NgukdLl7FJwlHisOEpZUfeYI6QbQtPhoKmZM7+Crypl4dzjfsaPUd3Q=="/>
					<row id="17" cl="TQD733muwX3DbEXYyngtzoVdW5FySQa4Yfo4YPy8umlk4KSst8QRcganzKvMvhz/1weM0QlsFCXlzRnHqBOFvg==" cr="9gWZdQzjTmJdA0wfCle2rlPwIv8ihrvPBR9gREjlpvtVNs4Bsisw63MbEfAYRc+BRmJJEZzcxmSkzLfp7LADtg=="/>
					<row id="18" cl="t07vIddSQWl65Tp4WbVyexrX9SAfA5i7A3mBR+SEFIFhAgSl4flvofJ0uV+H49/aMX/2Bc2TUgvAM7PP5cTUag==" cr="Y/N5SwcEdvGDbwq+hG/Czvi4taAzBO6D889zYXEUFsMdWyeTZHnPF/I63ug0diILIbWZEDMi/TYcFxpTQawwgg=="/>
					<row id="19" cl="M5dtbUmcRAZdpMeXmb70VskRb+ZSl3NdVaVB09lzUiVN7EQFEPQfwKW24D4g6DBiE/d+ePSKLnOSjD86s/7nfg==" cr="hgriIsYtTxe/ds3UQlIYxQK/2Q6b7SfUhs59G/a/WGPvz4qt3XcQXKpv8DK3K9AUnDayPP35vCHJvFApk+pg2w=="/>
				</instance>
			</decrypt>
		</partition>
		<partition id="1">
			<decrypt>
				<instance id="0">
					<row id="0" cl="FudtLchspX3QO0JsIqWAaOXjDnVC4bz2y2S52yAS8aN1WzrvkSbGHzVT8E4qGWGd7SrMgxcBmDiV2uUiox8xfA==" cr="Yvtiz0Q+9RW4URk2T4BTWaegiLWzQk6iOyuT5rM3SozyWb41W3j1knDGAkUEfuBpgmEvVASeTiZa+SBevFV5Zw=="/>
					<row id="1" cl="qusxr3s26H7RtEpTGF7jE2UBEgoHMBadgM3EZwa4BIAuF3Bju2qgcEoQ6gFUJuQX9rkXJDoFhZ6TxETWiCx1lw==" cr="BbGqc96D7FXLdeBZfg2jawEYtZRCXsb5vXd4NKmgsBkHcOcLkSXkecp6zBzVdN9S/js2pLrw95o/Bu7hF14iYg=="/>
					<row id="2" cl="H5L1hmbx3SNdMZwsgqHOcL5/esoUBdbe1fDNXH1L5Ru6tQWUMf2KAiWxn3MMsCnmLxbKGaMUeIrZXNhFJO4KSg==" cr="21ucLr2Q9yK8TTIMOAHZpvaV641hJ5qUb6ijDcsdOcxNJEVquwaBLbIIoFn0De4Hk4nmKxViwhUxcI2P8l+g5Q=="/>
					<row id="3" cl="uqqdrScQRlHaeS+4Kozg2leJzHw2Q/gVUhcDQp/226FS4pbK4vSm8E+w8vU+C+53d5LYSzIvi1oJZRnVbGMkxg==" cr="OhogZ984AW+pI9/eEiUgPd3OhJ9m/hKAiR2RQIV2G6m1EFN1FSM/Ml/qRmhhiFpaPwQrvjO60SWHUZYNXRSz0Q=="/>
					<row id="4" cl="/4MqzSpJAbGOygDgvwj1PjGzgF5lu+4GPqWVKtx03XaqWuM8jH7fCgPvAMj/GV/JpyHzHvyQKV6cnM9mBh9p7A==" cr="z7HtWp+zej/7UlVLeDs0/jOuUnN/DU9yBUlSmNxQEm30Av7WOdTV+xnf2vLirT3eYvv5ZaHALqPccrDJAe31Sw=="/>
					<row id="5" cl="IHojw/P9nHn95SGTpwTcoFpajrU7i8vyo8//gQ0K0zHgA1nnjYxBswfVd8sgOm2HULclgVktuDumME9E+gyPzg==" cr="yYyZV4kkd/O10zQjSKZp+Z11MHJkdlQqMeiFcRkEmwFMhDPZOZ3AFkdnGYIHtA/J5Qn5uO6SNzcoOCPTAwMbTA=="/>
					<row id="6" cl="3dC10Zyuxyp85kaYtESL/hvwq2ZbWRaaSqG5SVVcwC3TI9ZJdQPwR7ZXvzdTEEf6pfj2JN4qZf7E7kCqzqXOrg==" cr="Jgo3qjjCK3ch3YeQkfpRsf6MyH+HC71buDmAmVKxYI52DaNjp2dydPT8wRBprRUo7LTmMqHm9U9Ks1YJRvpPaw=="/>
					<row id="7" cl="GH+zNbzhS5YfXLhF3V0SS/uGkc8LIOuZGXMk8EpwVdYwRsJzKqrAYWuwY3K6JtMPqbwx3YpX33j6dSaQOI455w==" cr="F6j567bqLS9nrLbjk5Hop0xjyM43qGwOtp0HAUhVaLa5mohZ2s2vvHd90i81wKWYn9YZueo7xM+yeyKsj8ZDlw=="/>
					<row id="8" cl="Uh1DE4xpcAmeN2n7U0Pff4Th9va5JMRSEGnnpjtVpBsOWtrGlnw4VKHJBk/r8KCp6o/N7Q6tMCSO4FdXWEh/Ag==" cr="rfuV5xOjGubJIpgyxLPLmKcEfgq6yAhVPwKIxW91aHCzPsA0on3yR6bET5xjrWYnhL+Uj8F+xmEGFjf0+UMLWw=="/>
					<row id="9" cl="6IffCvo6oc2sCOPh4MEwJ01EEsBaBrdL4l7LDTfrKM7Oe9n4ShA8/jFzgz9MpwnwMvAmWrL9P1p1uR+68z5VvQ==" cr="dyJCVV5uV4WVNABx8uchZqZC7bM7N+XANe7eglI5r9UXsefASZ13oYsW69MARD15I/J72DsXfq1yaoeY4OLp8Q=="/>
					<row id="10" cl="AMY1wNDac2zqSUd++dj+C0ZCRwKzK94giEFrq4loq8910P6UKrxojwDYZOBQezoXj1XyQTQNGSjnx9czhQx6kA==" cr="6G1qdwqSBA0RgcE79jDgzStfFeuHH06a3cwmgP2IKCjQx1evRbvC/TVcqOecZYHhorQ6qEUQ/0HPAjGCkFQGvQ=="/>
					<row id="11" cl="4ca5RsrCpFNg2ZMHRf8KYJJlqESGXUmjPnSUQbZ3y38zn8BZNVzQJQa4W3+mPzyIfsy7cRp3R/aJUI1jSgXqSQ==" cr="sh3p+xifzqju5Zz59kRkL03B2RHYi+yrTlteNJ0v5jFYtoXPeyKqpEuhr9m1sJcjytBZemfNRgBW4r0tpdzpZQ=="/>
					<row id="12" cl="v42xEFGgo1Jq9yp+YrdIGEcW/rugCyS3JA5t7bUC1hrCnkd4macInwpjTS2qIP2enPRBR4zX1hXHVZojMtmrsQ==" cr="MOsvYxVOs6v91y5Xdp0G8xz/tlPCPtEIJ8B0gRmZDIZ5qQoOpKwMAc5k0pQihWR7tuoZVSf8l7JbEstoOKwaMQ=="/>
					<row id="13" cl="Kqy4NQDxeqgyV+otPPa7/GkauFgIdPXe1f/8jzOyzG8pcl7xC5xGVphezVj7lBp8+oX8E6NGNFxYMAJ/2ZQ3IQ==" cr="oF4aBhkrxWsIpwgagZHQ7VfxVp1xVSF4m6V1ZRjpGbOqf+/khD5ZC4QDd1AwA1Gnm+gNOTzLxCHDT3I40H//5g=="/>
					<row id="14" cl="Xx+VOQrDgAPu+KXlrMTVXvGzOj8MJtxE/NxS8sGN5ozvzj+AsKkF21yJznm/8GCvpWGaZj3MiO1ut/XawuuofQ==" cr="a4C8hnXocRvd9T6MyKB0GbMlk8yv5/SkQ5iLW4oLb2sWNFM/97kumFB/v8h361b53ScFqTX/NQP6t62b44NrtQ=="/>
					<row id="15" cl="vpbimDFPyFDZ5MKyqqfJw2AaE2hK86Ws2UPmig2iliuMBNzba/qn0gMxnMGXpnAqjvrJmWrkuOPMt6rNhNUAHw==" cr="dcgrIW9bahbp4bMNrFuxi+PAJeGCz2eTR8T99+UOcan9OtyYVbl6FH8kVXaSiwC7s3ata6MFAuRBTFyoVYoCvA=="/>
					<row id="16" cl="K6nHxQz7yq8sLLFZrXToReOys5SZS4zo4gnJ+63WygAi53WX8+8gO/u07ixaK6tYvTQd4oMB79Dc8p+LkW9JOQ==" cr="L6ap7n20yyKEaFovNcsUNLUQP+AxQ/SoHGkWv9QTKy9GDGs+V0NZp+8c/5JNvsIYn+4S33IK/+r421rJl+mXag=="/>
					<row id="17" cl="+AnT6ks7mawXjXy7YvHfqlTAEUs/LiAguD9Z4VNs65hKAZY7y80/wT/b1Idxr8JE/RqnTN1xjs1ihsorIcBEEg==" cr="qimCsLr2PSQes+LUZUzUG+UpNNaUZ8fAyMrFmPVDp1945WQ6ulw1MfQ+/VaSz53p515B01pEmg5sFmMoYYatBw=="/>
					<row id="18" cl="UNnlVQY3w7HwwqxuxdbYAGby/N/ljvV/Q8e1ShRI/s85m5mftD75Co4pKfhFYqoSjQN292cOAFbjDGfTcY7ooQ==" cr="1iSLrdNaRRrO5BSccHqSXcgU+eDhkuBjlcYzO6jK+mCKgYqqJ+d/ZDCHs+EbQ3O+2FWMLw8eF5WQVbx5BexrVQ=="/>
					<row id="19" cl="o7jZ40BpEBVZWKqq1emfxx+6Jaei/TyDlgpx2Ka9UbLFiq0Ql5OM3hYt3jxbLqhUQovSa7S2kZW8wiX90/tTuA==" cr="OnpURoVgCY2MQjU5d1l8ZukkY8GPORfz5r276pIFt6ypSkuVS1CL31+SdLQ84+Q4T3cGv9UWtMtf//dy2QzkDA=="/>
				</instance>
				<instance id="1">
					<row id="0" cl="SgO77c0fXFQ8vV7x4YGIHtbVAp1ZAXNyi6xVvhiN4idy64jzuAeJQ1KgZO2kEuzonCWN3qtASoc+enUZMewyGQ==" cr="LF4Vy/3MrEQtYaEVfBs0B4Orz6eEP5Ut7OBVZR6XXZjslGwYKlUzcZTr/tccgsx+727InsLUMzcbMLGJO3d38A=="/>
					<row id="1" cl="Cy0s6kO/6ep5J7q4/1RooIeC6luJqQWk0HOR9q76WOOkoePU3VNCSdGKhDgvGd7BbSHfbni0BCKkx2Vl4UIoUw==" cr="Ks3XaEujmjFNiIdgO/c/wsKN4SqbwA0Eaz0HHsH6paTHrPw0ZlNeypKP4EzeFdpLSsxN25ivY9ZU9Sqrj9oc8w=="/>
					<row id="2" cl="l+vNmLdYJK/aT4xrJExDDPnkr5xXWSiY/1k7H5O+9bQ9gTMA6F0gIqjp3TM5wRUciAr6azR/dy2Ak9+OI1I1yQ==" cr="L2RIv+eGPSrmCBnYEP7w4yV+5PCKdXWIIPmMWa8YeCXFaPyrHzGw1m9E2l9NbNUgdRT7XzQTmqkj2PCJLbvwlw=="/>
					<row id="3" cl="trFgt6vBnWxDD8ILAMZkp9nQhDe8rVfKcGYXJQEokxjTlCN9jkwFP+FIeXJdq5P57VViaBPXH6d04JFH6gfsDw==" cr="hW503cQi9IsS/FiiEfozij0O7ILdM8O1CQJevjXV9whKGjZ3NhRxWydOV/zrYFgPxKbFqFOsNoosfa50MR4PNA=="/>
					<row id="4" cl="JU7jkxt/VIGa7l2o7VXy21U/L/kCa8ybX48a6UwRqb6XKRw9rLKE9YD1NbSl87MiMA7GCWVsdI5U7c00sTqbFg==" cr="XeezgtCI8h8+7u2Tbbm4wkD+ox38wn1sYu4nHEwMyac50vfxEuUl4FIGfMq/CCeRRZpC2k2EE/z0tEVkvWEGSA=="/>
					<row id="5" cl="tDC+0sL/UjLP91Dvr4nWbvmk9sNHy8pIVfrgp/roOI11S3TUUpNQEP+Z0NR+mrhI4zV1r36kIKhgNgQI8CF7Yg==" cr="f+KuCJka2vCvcnarLp09xka+89D0znUJB6voNbGdi9h/Hr6yrllTixphZ0SLfPmZDC50DYA9Ox0gDPxjyAimUA=="/>
					<row id="6" cl="DCWLnXACJqOiGEoBNdT2ThQhTyGq3p5Fghdp5V1RroCjiORXh7Hsqfjv4NHNCvl+XJUTqwnm7VLhNJNhUEGvSw==" cr="6ZyM7m6qIZ/HC9+yAMzMQeVI0mBA9RN/rFHQOC+oPWhHVIRnclB3eF52kNp6meI/QddMYSYRwFHwfTWlGdu1Vg=="/>
					<row id="7" cl="46TyjiSLZGJl+idTdnD92EtHA8Wa35F2J4Sz6PLTLxULMIGzydhmgnRSkNmixP6aRBnpXtzk8BoVp8MH/TgWYw==" cr="U2prOLP+bSexIoDYf6lnnbo+5n3s1xUBKVQQtVu8XbNHNwUW1uJ1vge4RObni2Hx0RWVgpdK8DGYKZaqbPFD+A=="/>
					<row id="8" cl="AdDofPQwmnmdpQJzDioJSVcMEcDfEW1BReUVWQdQ5/4JoU47bCFTptGrLVBvOtOM0kcYcKChgNQaOMzI2M0ytA==" cr="+TcMH1ADCxZfLBTMVvlpI769ckYZg0Nl7QEv2KL92ThzSefWIYDjbn1UCYOyTtb7eEpNiUWBb6yCvz7jW9q44w=="/>
					<row id="9" cl="fHt2ZJdvfD5JlkRB7Arzgbv1hnA8EL/5UwlutR3zYYpeIGSEd43MlQ9AZ8eAjh45QSVCJ+LHtZQNV/zn1wlSBA==" cr="UTfLfrSUpN8krKh6Yyk/u5XrOkBwvwLShh2jYOElZmuceuNjOxfIFijzSz6tmpBVZRazppLm92FmHym3cD+aRA=="/>
					<row id="10" cl="jbX02SjpbQJu6UZbgGJUqPWhgk/kGlt8iV3rca6Ig84emgYhEaavNQCwN/J+mOwU+WAagWkvdE5b4RuKgRJ9Nw==" cr="pdfEwYAGZ5QCXjyCW3uqeRljUhcnlRnUf1gqPMEcV36UK06oLF58uRJyt4MDeuMzxQXWacnZNlecbPDlEVwHGg=="/>
					<row id="11" cl="xh0fv7HCMVD955M1LABT+UKSrkzO90IKcIDFXQKU4T1udaUwCKfQpae1ODLEUr7P8IQ6iz1VZoW5RkVUYG6mBA==" cr="Jg6mbGdTrra1ET7aan1gloiafPo2BipDk0eSLsyESAOYAbN4L6WVzUdKUnMvEkp/OEpReWrGHhCnpT/rUNxE0g=="/>
					<row id="12" cl="cS5w9RDkA0NWgdryleXgA3VbgDLmA5NrL12A8+RqfI6dBuFRH1f2rPg3UREUnKSMhUSToX2QJCvMGXkASUhlzA==" cr="bF6i76Hmg6zQKNx4bBRfck15RVZzaAs2cSKnDuYLAGce2E99vG3hg9kjNGv8fMLrfENb79t36Kv00g257JuEHw=="/>
					<row id="13" cl="J3kZ/YQY4biUEKlITNsWeKja41bd3jvURRTQoNFU5Jtt2pD9N5Eh6vgVSlTVN6mLMjvE9jww7oZq1waY99riKw==" cr="PT88hiVBzTwec/a4xTw8Urqu6AZS4OGra4jRzH5fuysg2VeVSIKnfomBN8SW0CPpzPq0fWr8oKgYt03xxxVz6Q=="/>
					<row id="14" cl="kHNKV6w1WxEX4YfB3q8sZds3stmLxxcDRpVotGhM5PcXPxeSb6k7DV9qhKdfKTm6AHq3N1JS1G2i6kxv/UCmLg==" cr="0u5qQBbBZmgnFG+To8sAUWIdnXsSdlPsqeFMbxzXpMOtQO3n11k3yr/1kidaM3BCK1boL8XS/BFUwHelGfbALg=="/>
					<row id="15" cl="7eNwJJxBipFuVrzMljgzl3pahkQz7z7AgzuuqjTmManrCCcg1fab2Q3mJPal3idNb1g/6iDeCNJAFh8t3UdDaA==" cr="yq9cTX+p7S+vOAZMXtaH0IxZLcalND/WPNrNL54fq5NRw7ScDpmuxYxhm5/gWBW944vXGGJ7GsIi6/kuIgVv0g=="/>
					<row id="16" cl="n2nv/CovPKafWx9xIOzhzGJ90qitt+eTFeW08fa6fpInV0QIVjlp3AxbbbP0JmEH3Lco+YMxC6Rz3auI7ypNAw==" cr="FQmQkm6TPmksXYVD/Ogv9JY9hlGS37eunTW9oRFIYRB1yiOlW3l5zFOUkDZuw6EHFGsmbmmPPWeFRy7wpBOt4Q=="/>
					<row id="17" cl="0jeWFfMUdcsSjfZUJ+Itl5wgTVMHlB6lxvspoSRJNXfecU57k5VyC0+OZxpKqDEZGFqjbeYm+P4SJY/EBEBJPg==" cr="w8ayAIAkhIwFyR+NDt0REurBhaxe0rbvPJ3Yh3TAhr72P/cBla5FBzN6AkstqkNN2kJVk4Vxq74AjVki9ajhHA=="/>
					<row id="18" cl="cbCjeacxDslChBMsuN9TqsXgmZhzi3LbFbAi+KE0dOCiTUwYftVjDsNfYxfkDeWJxgie0cux23ZVpD4aznI2cA==" cr="QUEFWp/2/7dpJCcT4Fqx442ZGrlxTQv06uLWKL8LgSK7KwLB3dmOFUh+PHAqee6I+HHAmZsCbMXRHYyBJZkNPQ=="/>
					<row id="19" cl="ufdylCPTuITIzqrm2yqW7hI5iL+5WRFZTKNZWBlTTJmJqfeNMKv5jYCfo9maCkSkDn0WmEEuFZhyHeoS6QFGKQ==" cr="aEufU0RA6eYOQDn09g+FUUPg0xU0OrtR+73GjzJazSi9wSDx3HuRMKMiw3dEPUIln/xSfCBB2OPInPr9NAnKfg=="/>
				</instance>
			</decrypt>
		</partition>
		<partition id="2">
			<decrypt>
				<instance id="0">
					<row id="0" cl="lViKoEDzNvEEz4NHKezn4TyrzRS3WWrcc+YOdZSWOSQ78dIXTYIDq4f2U8kPQfXHE6f44O9Uusk59mrPx6R9Xw==" cr="aN59RXOkiR80tYp16r6CVSrjO4YGChslF0Qx2f3X6wGDn5dJFT9xzxXhLDplYNTk8w/5s/lB5AF9x6cSuGiXpw=="/>
					<row id="1" cl="fwrxz3VFMFgYT6brSDvISoz4vQtlP+irwDj1jmYHN+709RNZS49LMnX8hA27Cm+Bvjs7JwqB6v7O8rjL+nap0w==" cr="iderPZkpEvbxogD4/VHj+Cam+tALSOJ/xE7ZRWQR1nAjT9jGNdAAjTimTqMpUDCh6JNSHXv/lapwlnr7nGqcgQ=="/>
					<row id="2" cl="6Iw/t9tE6KFD0kjEocPFhNE7YNS2KQbxRtEYxPCdF1eLo7wuYz5f1ZtNg/ayXbCmD5MEc/Qw93aOB6mEMMTe3Q==" cr="RLekwRUgqcmcBx8sLPcDO4oxCF5kSxN1Reg4C2n/ZD6GfIuIRz8JfroLizQhhJ7H/v39YvmvwTQ2KmQMUyip4Q=="/>
					<row id="3" cl="dtwf1cCjwEfNGdCTME0mBZAuxaG01TgNjommcq+9vPueiDcakQLl7ZrTVhF0sJq/PBoEtNJ/q8R9qz4gGxAD2w==" cr="zkclXxyl71NQqv5vdbZ3BHxCcWHGE6Qst59kg+UtlKavFzpn+RwvObHRoYKyuvG6tdqTRmfKkDi+5xAXT4SkFA=="/>
					<row id="4" cl="mul5GMe1OQiTixt3bz997eorq8+BMulv5xTiKHw+RWj9j086ObXmQNUQnshH/FnVzO4CSVBJl0JwjaxNu+Pamg==" cr="jQsT7oLSIZiZDMtViljx9zgdLp0MOVWmjA8pT1Hwvuudqa1z8zTPqz63eANacYTMiKgTxU9BcH7+lKwDlO14gg=="/>
					<row id="5" cl="UdjDpa8OvuG6AQbdt6LsvUwoSIiZSk8xndBuZiaXc6Y5ldwL8RlB9UWBDmQhwZ/Pky6lSjVibz/HkZd79OpjHQ==" cr="MmFsftVbHFFWavME4x5M+z+YKJRyGipU/Cihph7iOzSdZ/QkVMRTrg8GQecZdE+gzUhtU2it4PA4QVgB5cTw6g=="/>
					<row id="6" cl="XSw2CVoX4k1TNPb+TgeRsHDo2p+8rgSv+J3KqVKMpaB0ZVSCmvgZMD9mXUteLswc+UMmpTKdkIYv0/iZ5aBJ1w==" cr="KNdyCtr7oXhmm9yku8XoJWgtoMcnrLU6flTz5u4Lhe2cR1AYrkzQzmiK6r/n8pDxVTyjF012C9w3wEjtXHEXgg=="/>
					<row id="7" cl="UGhNtr8a5bK9/Tf9R/GupUZNWoWEiGSw1ruE1sbttantxVsJS3TBG2VPpqh0N3/d1CsapeZagQS55mFq4W1dPA==" cr="qtdhq+YMOw2V4gi568BiD6WPVEmahwYN+grEkgCgUU39Ki/xrBnczkE+xjLZh69703e3GgGNdF8DrqgAFkNC9Q=="/>
					<row id="8" cl="cuAAPy0kvNSEsm+n9ayeoz4oPo98Oq4OoSUgjjjES6TuxIis/fGI6jzsHvI/5LGAMPxviK554hn+YTS0Cx+2JQ==" cr="IC1sg9iMn4qPAsonnix07wl/tCnEK1fktTHKNsXwfmhaUzxBVQsmiyMOhEAb58J/PP+D7a/wMaVnxCTDZKz/BQ=="/>
					<row id="9" cl="czq2aTEEhaSPP96+W6wFvdMhUrqVcyrc9CWVLg+hrp+bs2nlCQDV175ZsX88hW7gAnKd2u6t+OzKwKSoc51taw==" cr="/03a8upHzuGrEfGHx/p/xohg0g8vbrofgn+8fKkiKx2Ilo1/tHd9KjIhkWHVwFDULMClY1xt9GeXPgatNw6FjQ=="/>
					<row id="10" cl="Kw01TiD0lclLPCTirCVcDS7hZSfNFzb3FQLConXDaWSNyXoUX4slR2f7pjEiFdEFl2rvnCwipzyC3R6JDWUAxg==" cr="fmk316XRkMo9rAhBOXOdM4KXDhtVhP6++8JFH3BIIgTE+3I7Oz40PM99bHiAf4b5plkM1g0SAbs/J941v0QyWA=="/>
					<row id="11" cl="21et+cVmPDTAeeIfN+QjHheoVOOwOXSZyNDgWYk81IrGd519Gl4/dYfUl7jISxeSNDWtjRtFphSpwv0tQlHH+g==" cr="F8X9VvZ9PmSysxzef9rCW1PY1rvi/h8vz8lQudbW/5NubVaPFlFkgeP7s5PiqE/Te4+t5Gk5Vj5cluLN15wUCw=="/>
					<row id="12" cl="R/hUOzJHmITcaI95cKPO7g50/KQLyllaGTJrfHePMQ9xdKSW5sgGs+2lwKmYSBPLBzHjMUcP6N12NpCoFIiZIg==" cr="A2DOcxGTU7jDBZ9Gor8ruZtmRkg5Ey5lb4l7Xqk/xq3LNL8WTcXrN9F/heBuOtu+U4urAUQuk3FpY2Q3W9yENQ=="/>
					<row id="13" cl="iBEf0J2IoB7JawBS59mVgE5swz6oocfG1nML0JGA9adrEmxqJmdCRa/WIF14Gr+BsOM3UR1IVo7hw7yxVyIuHQ==" cr="jECilAGW3Me5G/DW1//tM1j50C7zUR0ySGEZ0dIHfXpeKuLy3YNaVhahM+AZjvCgE+MZfM2K/PjYGOQ27YuprQ=="/>
					<row id="14" cl="sV40Q4iihhQiFjUQ68A5sRkeCsScLWpzf8hJhCZGK4WvzRzWlTQAEfYqACYAD12J9ydgA/86mx7x1+sMWPPo0Q==" cr="CtgsdNfRet8evqyhbL7BmS+Lgf477xKQp/LbniFAyBAEZsRTleFoJiUHKi7Ka8nLT17N8bNSee8qtXsELJoBmQ=="/>
					<row id="15" cl="8FO2pYEiYL/fLf3UqaWqe2CeH6TmjX3V0nw28Q7m1DWOmOP6IXJJDuzyg6KUi9pbGYYtqN0cus7ICn0jxaxE6Q==" cr="9szuINSw3s4nM6Wv4gHKKzqWT5iwha+jeI5M6oPct7JMrSK47NJwWogFUbilTZZCohOdQVhl9rATLp6hp4GoKQ=="/>
					<row id="16" cl="KTBtX3wHRE3ZcbMkwChoP3dL1R5pJQCde+H71WMVgOtSsAPvxyKyXJxiPeIe9Bu016RqSSVOnAHY26orZhv24A==" cr="1/NTMhArP1SHQHBHH1ceeeR3LmEnHHe48azcIC/dTlZSvLYIIKpZacqY6uty91/Aw6y6gtsi0aE60lhTBsvdKw=="/>
					<row id="17" cl="mvBT5cnxQpyVuNZP86ExN4J7XnysMcpB5TtOEDvmuHrkyzmi2ZTQF24LKwHcDypMc6rlttFKFxF2k22zF59LXQ==" cr="wAdOrta3s674aZ4sfcJ86uTHiQnqX8tn8AeC5yA4DfyV3N3jwMvz/eohl2lQIysLIdWPxNaTH0rwoqVyvYp7PA=="/>
					<row id="18" cl="9lpwckeVV2dN7MA9gpvU/kCK4QFAK7hOl4dX82N+POu0er6HDOj4OYioDf8WfooUuN0SPr1nFsrGeMOXvtZNVA==" cr="9WTuS0H/YDcpcYTi0tHcJ7jpubjCESstaVSO2+ovVbkqlpYM0aq/bFa24JKENFgZs643nZ4/lTVcJEfzqPJbdQ=="/>
					<row id="19" cl="wicVWuc4rGlURB7+tbEqB0S9HVY5vcTYzCTil794X5wgCAGkbta5mtYoLqW583e5kLTaJD9uA2eEHHhgSbVcTw==" cr="fPzhCvTTWW+yej4fdIoupeluxbZZWPfKxCbmOolydortVqY2AxGP1TiK4OB66Jm15ZGXsL5NOXXdtA0SLKfPCg=="/>
				</instance>
				<instance id="1">
					<row id="0" cl="PaPZhiNq8QMlK/05j7hXY6XJbm+MaEo4aDEkQbIvhYe2KJmTtQ7s2g8AgNTINzMFOtMz3TzEP9Dz8SX53l3rWw==" cr="fO5LM7UDoN/Cr7oEg9DG8/Fq61N3lCdOC7RLRV6bgV7astWF+XS6eoOPUnO+QaAEkT1BmkJ5qzpOTbzLhLDAXQ=="/>
					<row id="1" cl="y2DSw6HJouMQoWW6JbPVsi/LGNQ4M89697rrqRsxSFVgLfiEZcRIAWsqbrIW0wk2mNra9zOoKjrbmTojyQD21A==" cr="ymCXEqduGVd5Tar6tA/mSN+hFguKdybWUA8HGVy6vyEYrdwZRjZLYd7p7tXtzTtRqzbAVnMNg8pwkdhgBM3mjQ=="/>
					<row id="2" cl="MKJoJ0IYqMb8SHh39hWWMtYXcL01C58nvX7E5Wv3KVPneO4p/5MCZRrEOXvhlNCAIHB2uywL2PnikgJP0fPxrQ==" cr="e6ARpoqjeIHgyCsjKEu9Qh/XLjXMbEaFbN4nvTGlOtJfnl9Eq/zCrLVIJ7uEN3GdggJsVcKgnesSebb4jtA5pw=="/>
					<row id="3" cl="/fnie8ddR0JFw/kYWHph8TclGE8Qdve8jVHzyCR+Sje3JZx8tYHM3dsn+gNlOM4BKnSIBFXiRDi5zSVFnGl9jg==" cr="8fFY9YcafTg1wGrTMbm7Uen5vpJL+LgIbUxmTZqLvEbG/x80rePrHXnmPLNhMNpnBRN1U+09Mvd0scym/ElQIA=="/>
					<row id="4" cl="eGUQmGa8MmKUHYkjGM9rFu6Iem+y5WwVN5wFrm9wEfu3HBI6IRxRDVYFWmUKp2Gw4kofWl+zouq38k+wo6M3UA==" cr="p5ukvd+YquinvQRZJhhClvXlx95Cul8W+5wwfdLk9hWNUwZC6xsEoD5iVMgM8GicvdOOQgL+BPmGJtfVH0II5g=="/>
					<row id="5" cl="82CrrdJ287eSNEPS5p9CuFLjPa4LWHnp30nGSF6leP2dNeJ4eQ6hSlx/aponu8JWcymOJYHsmRBPxNxvDC81+Q==" cr="i7oJ4Qg+wRNCAqVW0yEmf2b4N+eBLycEzFjHnYtnnSR1NRbwoY7E9MPuhMRaEtxAFQu/vUxUgbC4NoxdIR4ZzQ=="/>
					<row id="6" cl="+/urKQa9m+3/V1MiPEjxyvyDr1PjyV9ewhRJDLtQEgJLIN4smz7KCOZbSAifZ2tk8cldZ9mlOkvKLqaWQFjT/A==" cr="lrl1PXC62mjcxIP3B9LjHVnPVPEzTRC2pOmQEwP+RdTaiu/fG7h2sq2bTo99ACPaBJSHYjWm7x5Bk8bM8hAFKw=="/>
					<row id="7" cl="H8cKkBhgqo13Y2PACrfoqiA38ilTpH5xrRemc29pqdL48qxMf0tWHfn9X74iGhoDRuUR5OI8vyMHxE6OfV6n8A==" cr="bf3AJsrwxucq3zyakscy52j64hlKWu1bwoJO8GP6+uSr6ywJu5tIP0tFQjLdNALwNu2FBqKEgk4jo15zDaSF4A=="/>
					<row id="8" cl="yct0eE7J2GSZSKx/UQ2R5IW+bcELPOW3qAhRl36X6MKVFroGvNqSJusAd1/vcGG02NBQ4Y0Cn/oytTp7h/K22w==" cr="2fpZwXJSwMq2XJfh3xMPlCmlzHnQgsHuYKx4wND8kRDsXjk97WeXRRutaV8JbeZKgIPER6IoceOkbQn1WVh5hA=="/>
					<row id="9" cl="ycDe+dRHRWpXuQE7lxkXSc4O6JmXlU9jn1WL0ip9htlktN/FzOkt2r53qrru00V+d7IgBixUI+SjUuu6yB5KAQ==" cr="HZHT0bguu2Gs7yko3K+W6kFJt1+6H2z4xxF1ErBrm2it0IUaVaAmnUb01iW+gPbIEcVaO0Aw/O9yTujj3hV30w=="/>
					<row id="10" cl="nc0MrB4T6F5vpqJdr22DVkDK5qSLOLZovPCCwTU7qkpVfUbRNEAoUSe3ibdCO2YYBsrRJc3+KOsEw4b8T7Wjnw==" cr="+NJjcVDzvyVfDyOKV3FzEM4e59Mnx7VCXOKkK1oRN9ABS/xT83EEZsmzzvGTtf/ZwkEq56UUjbiI3d1HhFLXfQ=="/>
					<row id="11" cl="u3VSde6SxZ4tsU8Zj13GqLfQ+yJp0V4wVsqu2k/75R1mWxmGRp1muW+NSdaJ674aQEgZVtyraaEJzna4Wq6dTw==" cr="4KmEIFgZJpMWgMhVSkACREG2bhpS/4Ho54g5IdITkHFu9fMcJNBTTdNwwAt6sCefzVifunmHJMNV1bHrUikjyA=="/>
					<row id="12" cl="vbXEayy3HDYjgWtpIvD4ZMOXCcp//t+3ljy8yOxkiiVo/u6gVgssK3GzD/JIOmu7dioZpwjsSTt9EQW0IRUc4A==" cr="R1XulcmX3Mz+llcyhlztInm6pQvql0rdzEQL4eCOIWdKq7bXgJ7REuYxTLro48jpny2YTygRxCsVp/BJYTBl6g=="/>
					<row id="13" cl="ya523OQQFrDI/rP4QtCs2AWOL0uF9BJzbBEnzimztfY0Xj6YW8WvykjANnX6hPXtx+gFd+xVBfbM2KFeqDD6RQ==" cr="kyqaZdQAjLuos1nBriI9U58DQzOw2EhTGs5vxNW6S5x6F76gT76nH5ZwXv34H6yYy1CE5y1k3iZ4b0mdeTDhcg=="/>
					<row id="14" cl="ughBlLrnKhJJoiJXcAu1JX5mTW6AE0WF5L0/5zGxnhEdVbyFwXoTprO+B+g8kSblCFMhk+76Ge1WSVrz6nRa4A==" cr="FCuiptJsbQ9V2W858bhDYXpRkZ3OtjSKAsrHw/oihuBgT5RyifpJTVW1qjZI4yulE4ovXIvQqDB6ZGGMPtC5bQ=="/>
					<row id="15" cl="9monFGWAqOHDIml3W6klzPBWoSpwFzkbBRbmY10vbG9xjRVTWObx1p88P0r+MV9joh4UsQpGTyG0dBjww3lnrQ==" cr="4p4tmmEwa/qqhipihrfzV+z3Y62aBdepaLLW4VVh8Auf6IxtgGoqQn51l5SNdLGh91GSUvdkya/bhaGsLmqyvQ=="/>
					<row id="16" cl="qhlZaRzvattWOkag+jQpGW/bE4PSW4x98TaLUJmSkDBIbJa8nwZCtSKAjrBfplFfwfMqYo6sm2scxyMsX2eqRw==" cr="QFINJ1oLnf0yWXhrUdGBMHUjjNT6YKZX06syU1ZG684lfCAC/z+llYvTGR6HzZdtHyia+ttYWcfn2o2b/EOBiQ=="/>
					<row id="17" cl="kiSqn0uoEDZNkc3huzgb5FMAzKxpVPgRd40cYGbLxR0lvzytTCzfNJV6U1smQFZpqTiY8hEVukHB/2tSQYCCVg==" cr="kssYXkdtPGqDzlPx+4yxfYEx/sKwcDFR5qRHkmKyfNakeipldnrGF9WA3BqxBbaEFsdAHCs+TeOvCTSO1PxJSg=="/>
					<row id="18" cl="WqAqNXX122V4NDPvnhvqRbBMWZHWIYxYNZILAPuRL1RU1oa4w/s2i3kqrYF1zsOu/LJS6LLYYK92PkKMWcoxMg==" cr="sMfRsJyL8on1gvh11cfRsZZr+Hizl9KQxvuL3xTJigGVxrvbFD8H97JFKeVI0BJEFvO07v+G5EymfiOhGCHMjw=="/>
					<row id="19" cl="lZCs8fIj1pTz8lcXThVKFDPtopYCYRH/bYUuGT0m5wEX4OR++3167p9klTetd97WmIqh5kSxr+B6t8HxmYEwjg==" cr="Zr7g9pGS8xknjZfM9IpMMcrzgSkqBX5roAgM9g7154Nt7UH+j0EJCjgX1vSpXLQEdgEeuu3rxFcTcrWzL2+xCg=="/>
				</instance>
			</decrypt>
		</partition>
		<partition id="3">
			<decrypt>
				<instance id="0">
					<row id="0" cl="MIqQ270FtNd/R6tDd1XbBQfA11rTS4sal5GxbnWr/PhV9ZPBdYRjpxa+cReCZxjCpoQkiVw9Ji+iruPo+nXhug==" cr="Su/b7jh+rCkxO6aMdC/mW4HUcopfJ99HgGT+61Nd8hOodqI/bDaCxkQtNLxy5c330TfUDWcLKspt3xjhbpGxeg=="/>
					<row id="1" cl="LgcQ5BVnKA9l/pHELcGkj7RbHoxYlxZtV1PZwmukOlSf5SIJNtAKBANOVDhdymCEOcl+kBc/b5x0ZsfFtLE4Zw==" cr="ZWEWh/xSV1/QC5TiGWnLepGcMVY42JvkGbre3yPA/gHPgIMlKToACMuG6uVm6GR37AWjnth7QP0FaK5WRuuE5Q=="/>
					<row id="2" cl="HgGIhLFia0J7VZu6stOK6tQXz4nI6XQiuwv9xXjY+8THascrsaOfUmAEczquOEKdZWgTLQaAd4KtnWlu0qsWTw==" cr="v4ixJoDdy3ZExpUjiWptKHcHd5daHkBonVW/7ebcwNPYd6nEOWtkbjth9aJOO+2untMQEsYkoQlOQzPKkJawMQ=="/>
					<row id="3" cl="2wQkG+AySclCuE66TubR1G4drtPckbtz49QReQdWTMA22VxyG/zMStyMujHRwlPl9flx1hkA4XGdORa7M65+sw==" cr="KgghDDU3HqXxNN0FqJv2zkUKVxc0Giac/MrQa4FC7EBL76s8rYqU6O+FOFniwsi3DkJ4N9EOyhuJ6Wp/U66GRg=="/>
					<row id="4" cl="ZPVmUcxMZlLFAtota0zijXT5Qcy5eQPwSgm6Gd6n9nS/6C7Tl4Zgnw+YHtk4WILCkyBxd8L/4VVqghWRBZNQtg==" cr="q9ZKIUnGQB2Wqj5+QfR6elG0jeqbNXmkUPewGMtOmC+7H2sudSeXD+I3wxwKvhWmiPesNYxy/IaVQ6EE9QB7hw=="/>
					<row id="5" cl="fuIGwGTh8+H4Du6SS9cjOXgEoIIMoGI0DuHAidvuUCDXXxNEJfkBQXMhqpaVKsKXQblDkWZ6j31PzZ5tRvxwsQ==" cr="lmmzgIoLlIvDddRh6u9ZTvSjch3vzlmNMzxXHgQT8OKOJ/fQQmK0iMV3WAcIeiLzL/aBVWk9TSW6yGorDoKkSA=="/>
					<row id="6" cl="pV/0OTWaM89Q3RzNN120VcteT7QfUfgnAbkcEmxp8NoTEAVWc2yv+0m6nEISr/FX9JQ8m8LOWjXciXn8Tbg2sA==" cr="RMqTVuA9B1SiN0FiOwTF2Rs2tT3BElL/cAVJsobt4BZeTTP7/RAIPiMWeyePkyxZgnnbiLte9tEMd0pUA5B2Ew=="/>
					<row id="7" cl="WgcFLNWjHX2H0/c2hKIr082Y/I79V+13EMFKpIQPbtHt3ofcUnrcft7au9a8bl4Hxkd9IBfCP6n+U2mlQ4xf0A==" cr="4/s1Mcr+chjjwV5IFLwUoExrIorxy0Z/45CAX4Dl3iuTOHjXXJXPhbG+CzhS7HW4LuzoUO3SkmjimyuIGx6zEw=="/>
					<row id="8" cl="gQwUrlEn6P/471+E5fOqWWSZZ0JFxQIH2IkX7CoLoo0xxGyig0H/xDrdOvQh7qY2X7VVAep5h98X4kZT33J89A==" cr="IQgZcnICvgkcGY2PT5/hYU9Iri6e1kP4AR0zQTn2NFZBcVifqI5wcmEClCH5/ZdtaEdFR9Au00BBO+LffmcvZA=="/>
					<row id="9" cl="zYPYiNXt6UQIiew7IbOtaPrgiTQofZpn33pSIkc45mr0mOPTk3ooPUnJBG3kdhaVJlH6vIjZf/2uBhXVeP+ZFA==" cr="/XBUroDQkZ8u0dmP6BclG8sDwfOroXc/VGL9c+phJhdN+KVb7lLIr2GQ7IFagUOLDi7V8Yc2J7FFMma9zEeDRw=="/>
					<row id="10" cl="t5YHWxgu3RHrIsmgG4QmWn4f9XPp5bPMt7mSsV7ZAL4VvNY1IvcJUzmMsiflis91M5bZ9MueHN7H0iFYEzrH6w==" cr="qREOq/45CaULymKcQJIhsHSRVk2dWOHgeiHxQRcz/1W6/YoWIYIJqvTNzvVYaxpkGvWXk+/b6jbJ4ezMLy1aTg=="/>
					<row id="11" cl="cMF3MUMkvGcny1iE9ptZw4EnQhzuR8jykvJIY1i968yrhTTxpAoXVGv5NSDJpS21nOtMJKdPoDjXdMpeCoW2lQ==" cr="gENi9yY21ylCgP/YhWborCa9TMrnS+eTLuJdWyAAmQBUY2EzTxNbYtffGgOszKncHCWBk1lOrZJuQcp74GWfNg=="/>
					<row id="12" cl="itc4F9Fu504heXLuf4XG2N9xenCZoA4Bg0rSrD8XsFPBD7/H9W5FSiZewG9GBE+9G11Jq428SjeuV/FjzxpZZA==" cr="su9fNukNo4ZEff8UfblpE4whVq9BZrhkGtSlabcahonpiSBiRiRw1O2wyNKeudBLA9bO4TO8foxtA0B7KYHxGw=="/>
					<row id="13" cl="wRZzAaMX5BrEH+cBL1dE+GPValrmpnesvPfvOMbjyh94I4Kro8ZoNYPOgY1o/DMu4Prx4OgETYqbCwoa6D/Teg==" cr="KxR96NEgoTcYBh12N0ePXXHtimDNmiNJCDYBXdkgOKi7VjYZZVVHjk5qjEeAF3EXz0oFlg0uofZMX1YhOjjsNA=="/>
					<row id="14" cl="jYYWugVz6kF1Cq/N6S+Pti5zd6M02JULu2oAIL2ht3MqTkK5ivOnRTx4gFTqZF9H862J5FhMMxLoXmrzR01Xlw==" cr="aCeQa9uMGdKn0QZ11299mO/xqSmLiVWQMB4SUj4ZdQIVQvjn1Nsmewzvf+M6nl82OCZzJ8epPFsnJLt3DdcQHw=="/>
					<row id="15" cl="JsfosyzFMu22FKAk4D2dqt22LGKWIlg0HRfPDlUeaXSlDbbKCnEyP8DzYJTJR/5+cOnoU3NV+VBnLekyuDx4nA==" cr="qnVgB90b1U1MlzNBt2Xq2b3H9eE79IJsxvGSOq+qUikoypxghkokgto5ryCvaX2qI/dsrH32xPMxvxFGZj7DHg=="/>
					<row id="16" cl="s1if4yY3BF/A5k6woNCxrDa5VocUY8edshG4mT5n8PXL0SMiu+mdjO0HlujdGd69PFiXNjjtB867KZ7b4mGcPQ==" cr="ndEhUpcyBz3C6o2sepoYKctMO6pVd+3dYzw18R/5JQyKkkg2/7XXCWPYbjIh7lBEbcZ1AQXlGG9sH4Qq+b1mFg=="/>
					<row id="17" cl="z4mo9Usz/D6vfEIiVPMEmu/yd8wBw9FrrNCVwImyQ10rXdIhcLxLjLlSKgOgOFzwNH6dli843vw8vAk32z03mA==" cr="4KbrK+8IfipzHduvBwPZQz2fenGWlFLSDknOIkzykA8oHTEdMS9VRrx+0cQ/nkon2ZDMBKQ/GFujzJOIrL8uMg=="/>
					<row id="18" cl="+zX4ranGZorlkI3QTnCdrXKORfW0KNT2rZqj7hxbzZDU97dx3J3AbR/g4KbSZKcp/ZejA65xwP/B+pfkPC6R4Q==" cr="QD+D8guWIByL5uq6PcqAcSmuOuClRL1bCt3iiqultLD5kuKMhQwFDRChYH2A6kdbJYQrlCNFT+Yz+iUovOf4rQ=="/>
					<row id="19" cl="meuGtZS8QHXWnv/DOsNamx3JqrHAN9+rVqyGdPaieGSG1DSFUOS6FXnLif2c/rMXK+QDh2KIe5z0qdDVogXbuw==" cr="tbvFm3bhtFVZWyslBxY9z/M7GUoywgL2TWat+jqCuS0MHeonAxMM4NfE1VTAIniosaLCyg5qDCqOI3xS0NJxuQ=="/>
				</instance>
				<instance id="1">
					<row id="0" cl="A1537bOAJoBPWj0lfusySmstOu/RQ51BvHcVV13srUeehiCLf9vqTICToPfy9iSaWbjHD5M0myil605O+/FLPQ==" cr="5z8NCdtaj7Njei89rl9MIbK0M/Bfv7PoKFAPgNdbF/zyiwxdPQ7r+LuukUdNNk9VIgetR2v9P2R/2wbJ8mEj1g=="/>
					<row id="1" cl="SULzlVMVPyoAaPS7mLDGj6/6jBZi6elnNQBpQCXIbOM0DfidA5C74NunCbjhvHLtDyTALKZCxxB7R38ZlnYuYw==" cr="YycRdZAWWJU+rrlJK/zKvlJviF2NYIwVUyl6Dsl7mkBtwVohFonggxCijQeDKF/nt6XNP5cxPWsAhVl7EW6gWg=="/>
					<row id="2" cl="lpLIzg4gvBKayLn+NWXn8H+xGjsOjv8DpD/1Z2GQM9A9ZXg74b2/MIPa0yG2o8FS1Qo+DdL2x6FGrbVR9OrQzQ==" cr="t1aA0Ds6qBWGYRfcXlFTP4TG/rdLdJW6eyJKH0Dd4p15UZUl3Gp/7WURFlRfgnw2laJMY/3udti0DIgLGfHMpA=="/>
					<row id="3" cl="RR+D4w/+oJs55Ii3yl/MGid8h++QKy1nL0rxblPslpQHejGEcM5B57ADO4PbVUsumbF/ZmA/oTxQJJS0bqODZQ==" cr="xGK+fuLQATkLYpWiODn+8LlAh2nfTv0WdXrbBGs48sMxPGrpINwajcC5RD0EnAhFu9z91pS7uwW19Q2yLO3ENA=="/>
					<row id="4" cl="ITu4ZibZrcnMPhGbsU/ss7yga9Xt2sw3xeQl5PfJ5Ytwoz3z5cMTYB57IhOPMbckeHcD3W7Jrags6A4fQdSWKQ==" cr="B8/fnPl54Ij7B+6Ig82jkL3xa/+8qkCireWF7NCuwhi9Uog5Ycl/Vwopkx3ReyXrc+Tkna9xISZsU7/Xe25Gqw=="/>
					<row id="5" cl="iabPsLLtMOQQLEKjnwfR8YPefC/zrdzfYPfNRQ0T0CPIvki/b51R1CKxEaM2wVFmtyZZgd1ngsmQelQLsHq3EA==" cr="9lsJlRjo7wjm2SqJMrMjeMdQY1v+zksf/avX+ehyxCIQGcU8JLJBD4S7LXOCbOFlBltYQBnVuKJQ1IOED/FIyw=="/>
					<row id="6" cl="JISnT7yUxn/XFwvV8GdRMnA80PQ6ghqXfMvYhxfzNPKd2NUclziIApBEB99QTNeNrpbGnph2qGBvqBTSBVrUjA==" cr="F93nj+pURqYtgRUzMGNUeYcti2ciuHbvhrct3CR8zGIt3Y0bJiakivIR1szBrGGsMYBepxTGpvR8WfsJcakiew=="/>
					<row id="7" cl="zEkK1PDcKUbAM+DJyUR3OKpJm3pwoU5JZjgw3v/IJNBM1/sofrniumke9fCpeTkwlInUm+WT6qTVVXH5dtUs3g==" cr="6ncNp6ofUf2cJZ5BlErUkHKlB0HFlPLzyOn/Q04dBLar4u6oUEIOY2FSVZgtKkpmCoragH0+ysSFAIaRORkWUA=="/>
					<row id="8" cl="7xp0jgyvjIAQPclABh4NLRfC7DZZSHuL4ktfNK5ecvUitAEVe82olUqCCQr2WYsk/iEIQV0u2N2TAvk3HP/6tw==" cr="5QwB1GA6yR2FZ9K6SI9xzkmRZevLfncFKOc0Psyp9eBZJfZ0PlLIiDoELh4gMJsKvh+9k2kq3gupZh1jUkiQSg=="/>
					<row id="9" cl="E9HLb8aQi3ugSe9Rz84Jf33lEk9B1T7I5I/9Yr5S2pGBj3VBhHWm4kiA7yGT0oulatYBzNsX4/YRKiQOA8Zfow==" cr="2Fm+pAxGiBRDtF6ox3xLwC+yvyqTcmBFPQNGimN8oHz0a8D/08k5bZjYApLbF4iaEQi5G82xIvrs7yNVlyEXAA=="/>
					<row id="10" cl="s/bE+KPfl1s7d34frrGVGdM2yYAtee+sz58kitUU0M5fL2j12l+KiAfqUsZVNFrlQdheEOqLX2XLpmRhzEl0rA==" cr="VicCHhg0ALiM51IuXhzab2e+chr2hlgbcnjqbeNbx7d01lCndtsgybk9S2DQRNyuASDQAJwkfa5UmxUCF3uWRg=="/>
					<row id="11" cl="6cAtf5ngNfbWYg1ZbfPVk5gQmjv0PkOsXd3BfuvQjWLb0qJx4/cz7dOrJIHy+4w+1dDiAHtuie5ZGOgJpvXGsg==" cr="RsWzujRejjuO2z8rq9GdhvIiCEcBwQvanlda6GGiNRcmcR6zqFFfD1GVRe7ESYvsbK6CuXF6G9PaZrk2qtqing=="/>
					<row id="12" cl="gMyaIBgsBSzMcphvtl4Mf+lYJb3CVxFczZKyZR0ht4N5SoPoUfTwWSXY4fjxgcT9SC7nd5ovZr65ib6SL2LXWQ==" cr="KlwgpIbrpa9/bttI1ITjfUB24NbzdYLH/PtwWri/tJAMLR7C26Toe1y3TDUwngYQSqHH+UciaevjdH+Lg3ebAA=="/>
					<row id="13" cl="3itKxnRqpl7uTSfirJPtsBLayYqoGxwGw/VvfxyEPXPAvAdsJZSvzwI0tEEJYuG+vAHQqhH8LktGgaCGkSjKGg==" cr="jDMFhmxWRqiMvGJwbSHzqGUcBP3KkJ7ftwjrCIi/vHg/w9w9//Hm29C9q17z4BWcgM/U4ZY+M3XYwjXHBweZSQ=="/>
					<row id="14" cl="BDkusY7nG/N+Y32jyf7Lqrkz94z1YjJXfsCqcaj6TumaaMQGxnbQCAFbi7rZI3Y5l/LnAT2lCuX7fvKuwAnjmQ==" cr="p0Tl7OrxriJbOAx3F6wcjRC4/jFqiX33ww7Nz/e3hRmOpIecOadrHf/KZcqeCWud1z/wyq2aKGM7OTJi85pXpQ=="/>
					<row id="15" cl="P5FWKfxrrygtm/QKXhQ9pBrIGXh8H8oAy1aRIa2mx66T/eByUW4NLderY3hi8JzJ1H2vml6WICfQbmnqhxMZ/w==" cr="ZW6UdDNulckA7LzlFzLjverAzoMj6dYC+uEhZlz1CmVuqrIqg/a1ZgCxVgfvXV9zb61ROMH6NoKXLOtHkh5o2g=="/>
					<row id="16" cl="vXhk0fhYcY04FvmaavRaCjfvaA437pUpxlewlzpiGDhBttT/ed9HdAd0lwfNBow2NAuNr9mywsS/Jlk9if46jA==" cr="U4x+6B5/VYSHdijj19MT4UZdl2PymnnAMzJIAkcvH28CCoYOkmqIEciF7+8s3TMDPo2xZ7m25bFU5ndscMWefQ=="/>
					<row id="17" cl="+FdgdJloe3y8+mdfJ3u6wy70tvjuNtpyjN1p2uxFqFNaW+M59LlDQN3Uu6MXWhP7/07jnZO64pU5tdD+JWS88w==" cr="h/m3C/4LsjG0RvU4Cu8C0aG8cGVZ4VH6yngC0qt4L/zBk5Oh1RszfXiQBLlR+hmXSoRRUK0Ns7O6AIBhrKVJ/w=="/>
					<row id="18" cl="sxOTxg7pxhrHOUZbpsNO152kd+omzyxrnPX0k5jGDzJcR96LOr183qzJMjDe1+jJEgT2j7WxErJNnkkvrQ380g==" cr="jwjiG28t5j+wd7W5wEQEpDFuGz/dpUcQNQAwZ9YTJA//m7U0D01wK1XGgVh9OK7X/0MzmeagydikVzIVLiFWBg=="/>
					<row id="19" cl="czMhyqSx33uBirOenbumPPqhMoQanE6ylGIvvvFPm3YUsFXGZrJL7B8auVydizALadqZHwGZ6zigM9905cGUOg==" cr="FAlFKsPQ170XjhLNgE6523wRx3rVEWKNHiBHDY9GmSl6JBcyuDRlVyaz4D4ZPzgfKqoF80GiHccQKKOdAWx3Eg=="/>
				</instance>
			</decrypt>
		</partition>
	</database>
</xml>