<xml>
	<database>
		<partition id="0">
			<decrypt>
				<instance id="0">
					<row id="6" d3="1 2 0 3 4"/>
					<row id="7" d3="0 2 1 4 3"/>
					<row id="8" d3="1 4 3 0 2"/>
					<row id="10" d3="3 0 2 1 4"/>
					<row id="14" d3="0 3 1 2 4"/>
					<row id="15" d3="3 0 2 4 1"/>
				</instance>
				<instance id="1">
					<row id="2" d3="1 3 2 4 0"/>
					<row id="7" d3="0 4 3 2 1"/>
					<row id="8" d3="4 0 1 3 2"/>
					<row id="10" d3="1 0 3 2 4"/>
					<row id="12" d3="2 0 4 1 3"/>
					<row id="18" d3="3 0 4 2 1"/>
				</instance>
			</decrypt>
			<results>
				<row id="3" r="1 3 4 0 2"/>
				<row id="5" r="0 4 1 2 3"/>
				<row id="8" r="3 4 2 1 0"/>
				<row id="13" r="0 2 3 1 4"/>
				<row id="14" r="2 3 4 1 0"/>
				<row id="18" r="2 0 3 1 4"/>
			</results>
		</partition>
		<partition id="1">
			<decrypt>
				<instance id="0">
					<row id="0" d3="2 1 0 3"/>
					<row id="3" d3="0 1 2 3"/>
					<row id="5" d3="2 1 0 3"/>
					<row id="13" d3="3 0 1 2"/>
					<row id="15" d3="0 3 1 2"/>
					<row id="16" d3="2 3 1 0"/>
				</instance>
				<instance id="1">
					<row id="2" d3="2 0 3 1"/>
					<row id="4" d3="0 3 1 2"/>
					<row id="10" d3="2 0 1 3"/>
					<row id="11" d3="0 2 3 1"/>
					<row id="14" d3="2 3 1 0"/>
					<row id="15" d3="2 0 1 3"/>
				</instance>
			</decrypt>
			<results>
				<row id="1" r="3 2 1 0"/>
				<row id="6" r="0 2 3 1"/>
				<row id="8" r="0 1 2 3"/>
				<row id="9" r="0 1 2 3"/>
				<row id="17" r="1 2 3 0"/>
				<row id="18" r="0 2 1 3"/>
			</results>
		</partition>
		<partition id="2">
			<decrypt>
				<instance id="0">
					<row id="5" d3="2"/>
					<row id="8" d3="1"/>
					<row id="10" d3="0"/>
					<row id="15" d3="2"/>
					<row id="16" d3="0"/>
					<row id="19" d3="2"/>
				</instance>
				<instance id="1">
					<row id="0" d3="3"/>
					<row id="1" d3="2"/>
					<row id="7" d3="4"/>
					<row id="10" d3="1"/>
					<row id="11" d3="0"/>
					<row id="18" d3="2"/>
				</instance>
			</decrypt>
			<results>
				<row id="0" r="3"/>
				<row id="5" r="3"/>
				<row id="8" r="4"/>
				<row id="16" r="2"/>
				<row id="17" r="2"/>
				<row id="19" r="4"/>
			</results>
		</partition>
		<partition id="3">
			<decrypt>
				<instance id="0">
					<row id="0" d3="1"/>
					<row id="3" d3="1"/>
					<row id="4" d3="1"/>
					<row id="7" d3="0"/>
					<row id="8" d3="0"/>
					<row id="16" d3="0"/>
				</instance>
				<instance id="1">
					<row id="2" d3="0"/>
					<row id="3" d3="1"/>
					<row id="5" d3="0"/>
					<row id="7" d3="0"/>
					<row id="10" d3="1"/>
					<row id="15" d3="1"/>
				</instance>
			</decrypt>
			<results>
				<row id="0" r="0"/>
				<row id="4" r="0"/>
				<row id="6" r="0"/>
				<row id="7" r="1"/>
				<row id="12" r="0"/>
				<row id="13" r="0"/>
			</results>
		</partition>
	</database>
</xml>