<xml>
	<database>
		<partition id="0">
			<decrypt>
				<instance id="0">
					<row id="6" pid="4" d2="1 0 4 3 2" sl="d0rfdgnc4rpfVyIVT4YGMw=="/>
					<row id="7" rid="3" d4="1 4 3 2 0" sr="RuJOdWDGZCbxpxj5w95aoQ=="/>
					<row id="8" rid="5" d4="2 0 3 1 4" sr="hVvK+COsfLlh1/v0VfY/nw=="/>
					<row id="10" rid="18" d4="0 1 3 2 4" sr="nRoigJAT5asAbzSdk8/9KQ=="/>
					<row id="14" rid="14" d4="2 4 1 3 0" sr="KShLOOWx3xlYip8n2X8YNQ=="/>
					<row id="15" pid="9" d2="3 0 1 2 4" sl="3gPRNjSUyJxsHJYPSeK5SQ=="/>
				</instance>
				<instance id="1">
					<row id="2" rid="18" d4="4 2 3 0 1" sr="VymliYt+eUGzi4pDaUUAKQ=="/>
					<row id="7" rid="8" d4="3 0 1 2 4" sr="Si4N0gfmzjyHI9foKo/wuA=="/>
					<row id="8" rid="14" d4="3 4 0 1 2" sr="fVUtWPefCNpT3s1FnpnThA=="/>
					<row id="10" rid="13" d4="2 0 1 3 4" sr="j3/uKHqCKmUkn1wo+L8yuw=="/>
					<row id="12" rid="3" d4="3 0 1 2 4" sr="2tmwURvPHNbW0pGAEmuNDw=="/>
					<row id="18" pid="8" d2="1 4 2 3 0" sl="ipAxSTZpEQDKvcuGz44IxA=="/>
				</instance>
			</decrypt>
		</partition>
		<partition id="1">
			<decrypt>
				<instance id="0">
					<row id="0" rid="17" d4="3 2 1 0" sr="Vx2HpyArZwMue291dlStfg=="/>
					<row id="3" rid="18" d4="0 2 1 3" sr="dQC6Al9Y3oH9h3Qao7WSFA=="/>
					<row id="5" pid="3" d2="1 0 2 3" sl="NpmZUxf8BZ4ZTo+61EFv/w=="/>
					<row id="13" pid="9" d2="2 1 0 3" sl="quCtNeDMcKiNpacTJeedHA=="/>
					<row id="15" pid="6" d2="2 3 0 1" sl="Q+PKecJhNN070HOrFsw0AQ=="/>
					<row id="16" rid="9" d4="3 2 0 1" sr="fSPVjHe1xbaXz2+7k/kwYQ=="/>
				</instance>
				<instance id="1">
					<row id="2" rid="17" d4="2 0 1 3" sr="JCP1weinRaISiEKFlY4ZuQ=="/>
					<row id="4" rid="9" d4="0 2 3 1" sr="9VsnNOElX5ghTrDsKp/L2Q=="/>
					<row id="10" rid="18" d4="2 1 0 3" sr="B2fK/++8uf8EVJTV/0vGKw=="/>
					<row id="11" rid="6" d4="0 1 2 3" sr="xHAS06U6puDCyuBuN1sWDg=="/>
					<row id="14" rid="8" d4="3 2 0 1" sr="CNaMXgfpH49p8lKGTsOlkA=="/>
					<row id="15" pid="3" d2="0 1 2 3" sl="cVM3c5LwrQNAiPtkkCHtHQ=="/>
				</instance>
			</decrypt>
		</partition>
		<partition id="2">
			<decrypt>
				<instance id="0">
					<row id="5" rid="5" d4="4 2 3 0 1" sr="tuyYEIbJfvpP2JZcTvARZA=="/>
					<row id="8" pid="4" d2="0 1 4 3 2" sl="DOt2/r+WAoyQnkmkZM8fhA=="/>
					<row id="10" pid="6" d2="2 4 1 0 3" sl="YMQkPOZgqPY1tSAPaPb4/A=="/>
					<row id="15" rid="16" d4="0 1 2 3 4" sr="S08LjxNIuZmJT+YYebInhw=="/>
					<row id="16" rid="8" d4="4 2 1 3 0" sr="CAQgQfa6x5I/jrq5P68jYw=="/>
					<row id="19" rid="0" d4="1 0 3 4 2" sr="6TF2P6oq3OyKk/Dsx74YDQ=="/>
				</instance>
				<instance id="1">
					<row id="0" rid="19" d4="0 2 1 4 3" sr="uNiNgwlrpWnrcTMW62xp1w=="/>
					<row id="1" rid="16" d4="3 4 2 0 1" sr="IDfcXpxY1MPbeAi1ZJfPkQ=="/>
					<row id="7" rid="0" d4="1 4 2 0 3" sr="Wo94xbDuNBSzXsC3Y7iztQ=="/>
					<row id="10" rid="8" d4="2 4 0 1 3" sr="+IzRqrJ2+uA2FxZXhS51UQ=="/>
					<row id="11" pid="3" d2="4 0 3 2 1" sl="qAuDszLEv3Loh3N0Tl7yAw=="/>
					<row id="18" rid="17" d4="1 0 2 4 3" sr="b3B0ZUSRkSz8ux8IrUsX5g=="/>
				</instance>
			</decrypt>
		</partition>
		<partition id="3">
			<decrypt>
				<instance id="0">
					<row id="0" rid="4" d4="1 0" sr="pFX3Zi7cpt87DkeA3IFgMQ=="/>
					<row id="3" pid="8" d2="1 0" sl="cq/SmZ+ahaMDq8XNbe+Znw=="/>
					<row id="4" rid="6" d4="1 0" sr="BPRNf3fOAoJLWHZjgBPA3A=="/>
					<row id="7" rid="7" d4="1 0" sr="l5Gh94gsXSifefakLoYOdA=="/>
					<row id="8" rid="0" d4="0 1" sr="SzBHPqs45js57IZzW39gqQ=="/>
					<row id="16" rid="12" d4="0 1" sr="VNz3NXtn4HX8DFLSG8dMcA=="/>
				</instance>
				<instance id="1">
					<row id="2" pid="9" d2="1 0" sl="+uofCdz8BWCswtWMs47hOQ=="/>
					<row id="3" pid="8" d2="1 0" sl="Ki4KgL2uJ31fFOzN5U3gmg=="/>
					<row id="5" rid="6" d4="0 1" sr="v/sDFOh+BNErftIzCIPv4w=="/>
					<row id="7" rid="0" d4="0 1" sr="GWVDVBetv8N6f6o1btfyew=="/>
					<row id="10" rid="7" d4="0 1" sr="9jJzYyMkaEURHMxWt7RxiQ=="/>
					<row id="15" pid="4" d2="1 0" sl="sxUMjZOpS3ggcv3hiwRd9A=="/>
				</instance>
			</decrypt>
		</partition>
	</database>
</xml>