<xml>
	<database>
		<printCommitments>
			<ballot pid="10" barcodeSerial="942772" barcodeSerialSalt="GYsbtq4DjMVkMYvC9L54PA==" chitSerial="382490" chitSerialSalt="U2+fsiPZB7/A+EeFyayvug==" password1="594221" password1Salt="fD6hyEPapSNgcKm49JU7xw==" password2="614161" password2Salt="7i3oWL5MwpaZ54/GYFlyRQ==">
				<question id="0">
					<symbol id="0" code="TH" salt="Xzq8m/VUelWiFJ/CQdopqw=="/>
					<symbol id="1" code="HL" salt="xrY1MP18BPShIokdzexShQ=="/>
					<symbol id="2" code="4K" salt="LxHmvLCw4xQXeTaWACepog=="/>
					<symbol id="3" code="I9" salt="pW0sT0zgzIKbw51UBLLbYw=="/>
					<symbol id="4" code="9K" salt="olcHPkLjn3jXeo1h90JDUQ=="/>
					<symbol id="5" code="KT" salt="fBW26wWzcJOFDtWGBI/lyg=="/>
					<symbol id="6" code="99" salt="eKru/kUlO8w1mTwgoDxhGQ=="/>
					<symbol id="7" code="9I" salt="n2dcqU79lFl4R3+vCKtIXQ=="/>
					<symbol id="8" code="MC" salt="qivXbuvBzc0h/SlvpWqK1g=="/>
					<symbol id="9" code="3K" salt="8+oyMBJkXLKQMcE4FCHEKg=="/>
					<symbol id="10" code="3N" salt="bZ4iOaUeaTVtN2OkiceBCg=="/>
					<symbol id="11" code="KH" salt="Ml19hy666Zhhp87T12TScw=="/>
					<symbol id="12" code="TI" salt="FKaWG/jY6CMJLC09B4EDOw=="/>
					<symbol id="13" code="MM" salt="tJBvpQjv2vc2zlsOzeraMg=="/>
					<symbol id="14" code="LM" salt="nl99NUn7K2Co2wiW6G0UOQ=="/>
					<symbol id="15" code="LC" salt="YI1DJ7S27pBf9V9WHIO0sA=="/>
					<symbol id="16" code="9T" salt="GxfFjM67NGvK4eS0eTv3cA=="/>
					<symbol id="17" code="LL" salt="XN7cZN0+zG9LouAQa/qFwQ=="/>
					<symbol id="18" code="TC" salt="ohRv1ZqvsM37RRIPzpVdpQ=="/>
					<symbol id="19" code="HN" salt="n70N++wN0GDfOd70JwJGLw=="/>
					<symbol id="20" code="LK" salt="6G+XHdxqUpuDcnEAkePsYg=="/>
					<symbol id="21" code="IH" salt="JoH3sX/ZlcWezJhWmpMX9A=="/>
					<symbol id="22" code="M9" salt="GRkqzZANOcFQX7DWeu89vA=="/>
					<symbol id="23" code="KN" salt="kAyFYIkq3qqjYqQ2ky7Nzg=="/>
					<symbol id="24" code="3T" salt="BHLWiR4FYm70MpIqgGYwvA=="/>
				</question>
				<question id="1">
					<symbol id="0" code="NT" salt="XHKbdzpzGczAIc7G5PitgA=="/>
					<symbol id="1" code="ML" salt="T+mw1vs5utc3yFwV2owQ6g=="/>
					<symbol id="2" code="MC" salt="mVyeDdKlwK+mvowfC4q8iA=="/>
					<symbol id="3" code="NM" salt="JryaJZYnQScAwNc8K5BntQ=="/>
					<symbol id="4" code="N9" salt="/KwPVNZkr2pmtqC8uhvZbw=="/>
					<symbol id="5" code="LN" salt="xIm5KELnmcB5xisTBXM2lA=="/>
					<symbol id="6" code="HM" salt="1aaR7UMQYB4BA2S9lacBBQ=="/>
					<symbol id="7" code="3I" salt="zTKxAi6bIy6M7I8e5g9aKQ=="/>
					<symbol id="8" code="HC" salt="+0ffM7XiGx/19YxQgPxSKw=="/>
					<symbol id="9" code="C9" salt="UcbROTzs1iuC3U/Ub6XaRA=="/>
					<symbol id="10" code="KI" salt="KDbuo+Y/FpRMKh7JeyyWEA=="/>
					<symbol id="11" code="3K" salt="gSmcMYVI+LDa1Eth02/pDw=="/>
					<symbol id="12" code="93" salt="dkHd7PTHKcXtmnzGUc3VHQ=="/>
					<symbol id="13" code="HW" salt="E9n8xDf6iEDkgTdB853uGA=="/>
					<symbol id="14" code="IW" salt="5bQwvwasxGX9icoA+jhTcA=="/>
					<symbol id="15" code="KN" salt="7Jr3N1DmMWlbj2cdNq0iww=="/>
				</question>
				<question id="2">
					<symbol id="0" code="MK" salt="RjWz8cwHEI5o6LQ9i7O8/A=="/>
					<symbol id="1" code="HH" salt="URTSCVNSnAC9eUVhJjU3+w=="/>
					<symbol id="2" code="99" salt="ZySSYLy5ahLEx+uO/0JwqQ=="/>
					<symbol id="3" code="9M" salt="vYAxwP8sWCXb7GfvI//6fQ=="/>
					<symbol id="4" code="4M" salt="0rngNXK+dlwMcsxYphlw6g=="/>
				</question>
				<question id="3">
					<symbol id="0" code="T4" salt="PgndpLbQbjBMLvgwbw+Z0Q=="/>
					<symbol id="1" code="K3" salt="NM4WQDrv4zxwbIsYaAPPSw=="/>
				</question>
			</ballot>
			<ballot pid="12" barcodeSerial="349217" barcodeSerialSalt="ERvFiijxWypYhHHUVJjF/w==" chitSerial="202706" chitSerialSalt="ToGa0UeLHyADZMD0ZeOd1A==" password1="221681" password1Salt="/5HQ0tzDe3Sn3xy6JVCFSA==" password2="307910" password2Salt="uTOk3EJvfFWoWeS30qZV/Q==">
				<question id="0">
					<symbol id="0" code="KM" salt="RMjvNu7TI/MtprHywsevEg=="/>
					<symbol id="1" code="M9" salt="+IMEWqXXLq8HoR7etvbLMQ=="/>
					<symbol id="2" code="4I" salt="0Nu55X/3mMSUNfsLQPmnwg=="/>
					<symbol id="3" code="44" salt="FGe/+DK5q5rY9SKX3rgt6w=="/>
					<symbol id="4" code="KI" salt="LsxQBcoLsvabESWidf1Ncg=="/>
					<symbol id="5" code="93" salt="ffuT4KBhxOICoMPnc3AYiA=="/>
					<symbol id="6" code="NH" salt="NQ7X/71TW+QHxT1kE86fPQ=="/>
					<symbol id="7" code="HM" salt="VGah618Sh1ruIdMECFOATA=="/>
					<symbol id="8" code="99" salt="r/kXzp7HiVQdLcpeD4mYrw=="/>
					<symbol id="9" code="39" salt="lb9R9VSLRUpNaDjPmwMbag=="/>
					<symbol id="10" code="4K" salt="CK6zIpV07N4p7KMLg1n+Zw=="/>
					<symbol id="11" code="LM" salt="R4SlfY0Dme2YufrMU+cj5A=="/>
					<symbol id="12" code="33" salt="+jZRhVaJrzLjvnAjObDBzw=="/>
					<symbol id="13" code="I3" salt="yWXpbv9ra20MgoFYCaIGdw=="/>
					<symbol id="14" code="IK" salt="WMRsLNjvBXCoH/D9IZ0brg=="/>
					<symbol id="15" code="KC" salt="5abrfIiCj4G59gwlDn9GDg=="/>
					<symbol id="16" code="MT" salt="1YkCnu6LkKhZft2eOUDs0w=="/>
					<symbol id="17" code="C4" salt="KuB4ZBH+LrEibz0s3gKgww=="/>
					<symbol id="18" code="9C" salt="Ww9Wo7ZQmQp7emMKFt7gQg=="/>
					<symbol id="19" code="ML" salt="2Z/jn3OCXl3Tp9FfLElDAg=="/>
					<symbol id="20" code="N3" salt="L0x/jmn32ym2t7ihoVcQbA=="/>
					<symbol id="21" code="II" salt="eHl9qMnR+t52x3M7uX/4DQ=="/>
					<symbol id="22" code="K9" salt="DKIoEK0bAxV/xor0VtvjJQ=="/>
					<symbol id="23" code="KK" salt="w78tbn6jbnN7vewAwQvVgw=="/>
					<symbol id="24" code="LH" salt="iRNQIY6zk/wgx7bsptaYrg=="/>
				</question>
				<question id="1">
					<symbol id="0" code="HN" salt="papgv7GUXMypa3fOvlzteQ=="/>
					<symbol id="1" code="4I" salt="iWkMQ+rz9eoWX/fvNiNpAA=="/>
					<symbol id="2" code="9K" salt="tod6ZXlwts5hRlReje+GqA=="/>
					<symbol id="3" code="K3" salt="hrv9sfoVYy10s5o3iuap9g=="/>
					<symbol id="4" code="KK" salt="sz0LN+MOscq0IjCwmgTY1w=="/>
					<symbol id="5" code="IN" salt="9dyPrzng46Y/CSi9N02R+w=="/>
					<symbol id="6" code="94" salt="tI02gjpgKG88AeXbJt0LPA=="/>
					<symbol id="7" code="H3" salt="zD1lVZk2XTMRi+A95z5zdQ=="/>
					<symbol id="8" code="H9" salt="GVlDuwMaZggnVWUoc1z83g=="/>
					<symbol id="9" code="33" salt="QGudQR0BvQik/QO5tDRDng=="/>
					<symbol id="10" code="II" salt="Hu5q5DdXOv5k8eHSYmpM7A=="/>
					<symbol id="11" code="LN" salt="Vjbv8WhKx/Y579U1It1m2g=="/>
					<symbol id="12" code="MK" salt="YZutc44fmkSQYedq+i+D9Q=="/>
					<symbol id="13" code="HK" salt="suo7hJfBI7HQsLSEkcu4jQ=="/>
					<symbol id="14" code="I4" salt="u5iglG9mbXq3/3QlaPZ/9Q=="/>
					<symbol id="15" code="TI" salt="nOImmOR4wiBB8akFY4H3PQ=="/>
				</question>
				<question id="2">
					<symbol id="0" code="MM" salt="2vMJPulrbiARmjHbxxtm4A=="/>
					<symbol id="1" code="CT" salt="ZIzFrnNOAiIGqXg8Qe74tw=="/>
					<symbol id="2" code="NM" salt="V8xGv1B/t3pIaI/i857vDQ=="/>
					<symbol id="3" code="KL" salt="Sq7rD8MWqIL2rQCZvHdIVw=="/>
					<symbol id="4" code="39" salt="Y+ZfXOZIXKV3JoHQGKRjHQ=="/>
				</question>
				<question id="3">
					<symbol id="0" code="LL" salt="UD3SpELBhOusdlggT3lnGg=="/>
					<symbol id="1" code="34" salt="fuwO2NeQlnoJLqRs0Ummcw=="/>
				</question>
			</ballot>
			<ballot pid="16" barcodeSerial="908588" barcodeSerialSalt="J/ssleIEkoNmI81YJlREqQ==" chitSerial="548187" chitSerialSalt="7TZizF8jgUsh4+OalP/bww==" password1="267417" password1Salt="Yn6IEfEBIbyqSa951mz9IA==" password2="735995" password2Salt="IsTLXXcwC5sPT2U9HLXPww==">
				<question id="0">
					<symbol id="0" code="CH" salt="eQhroUFX4VTrE1NfsuViqA=="/>
					<symbol id="1" code="3N" salt="WQmuhUgGMoHU4NhO6NIYdQ=="/>
					<symbol id="2" code="4L" salt="P3pbVA0j9sJqg/vzKCpjEw=="/>
					<symbol id="3" code="TK" salt="sY0DK8y3SIDlBQZ4ADXu0A=="/>
					<symbol id="4" code="KL" salt="Ulzo0+Ku5pyz78ObYI3eaA=="/>
					<symbol id="5" code="IH" salt="noteFA0rOjPK5S2BJdJ6LA=="/>
					<symbol id="6" code="I9" salt="JczfymYlHq7TlWmqnLAUFw=="/>
					<symbol id="7" code="CN" salt="i6NCC/p6NSMAmgcVGGdzzw=="/>
					<symbol id="8" code="3L" salt="JIwGjNr+YwO3OE/3m62N5g=="/>
					<symbol id="9" code="TL" salt="cYyjqCghhlZblX46G8yYAg=="/>
					<symbol id="10" code="IC" salt="Ce1IefsQfUytpAIJhH88LA=="/>
					<symbol id="11" code="K3" salt="4pE+8HOPZwhgplw4emM3/w=="/>
					<symbol id="12" code="L3" salt="icyxyfDp/j62kny66Bhgfg=="/>
					<symbol id="13" code="ML" salt="ZxNnzQudA+9ZGEN5Wkqy6g=="/>
					<symbol id="14" code="KM" salt="rWLUTHj1x9M/+fx5j+Hp4Q=="/>
					<symbol id="15" code="3T" salt="KrLyWo0xP2f2Fge1jJ1ddw=="/>
					<symbol id="16" code="H9" salt="Hsz6loXWEplvIfI/pZhzSw=="/>
					<symbol id="17" code="KW" salt="iFl6vhHIkR/S58rI4KDfrQ=="/>
					<symbol id="18" code="N3" salt="tnpO6dolYBUbk3jzCewrFQ=="/>
					<symbol id="19" code="3M" salt="7wFDxuyb5bTk/99owP82sA=="/>
					<symbol id="20" code="9H" salt="L0iJ0p6JFvSdZAXfHRXdNA=="/>
					<symbol id="21" code="93" salt="5fVYFmZj8FUaR3KmXkdFKA=="/>
					<symbol id="22" code="CM" salt="DvhFryDyMPFYsSAYA3iKQg=="/>
					<symbol id="23" code="HW" salt="AvYDSg3wG9hsyCQnvo8Jmg=="/>
					<symbol id="24" code="MI" salt="Z7U84SLz5/1y8gPt0kEqJA=="/>
				</question>
				<question id="1">
					<symbol id="0" code="CT" salt="0Ll1eZF+i+dhD6oFWzmuVQ=="/>
					<symbol id="1" code="ML" salt="Z2y6gQVzy775u3+IDuatBw=="/>
					<symbol id="2" code="KI" salt="lq00G/Aw/rsPh7iYkpp1JA=="/>
					<symbol id="3" code="H4" salt="rVAu1LqMKbv2boqTaLdKGQ=="/>
					<symbol id="4" code="4K" salt="wgFm4fu9ZOFqCnBsVXkI9Q=="/>
					<symbol id="5" code="9K" salt="gZH/9g8P6XRniNMhrGOY9w=="/>
					<symbol id="6" code="KC" salt="BOTNPrHb5ySkiwsmgIWvdA=="/>
					<symbol id="7" code="KT" salt="nbMu3RAzbcKjafA4E2PL9w=="/>
					<symbol id="8" code="K9" salt="r7qP92uyDw9JN5PwaooFKw=="/>
					<symbol id="9" code="N3" salt="ABwX95qb0R3PqOnaU8cRuw=="/>
					<symbol id="10" code="TL" salt="qXO9OB0etKvQYdcEUY8gBA=="/>
					<symbol id="11" code="N4" salt="WnEVZR08Ir/DJeAkAEF5Hw=="/>
					<symbol id="12" code="N9" salt="jEB8Wq0M4FiQev7kKKWfPA=="/>
					<symbol id="13" code="M4" salt="tog+tC+coy7FikQvCLmTFA=="/>
					<symbol id="14" code="LT" salt="LADufUq+B4Sx/0lSv6JfHw=="/>
					<symbol id="15" code="CK" salt="hL7JyT+yOS0FQdeUHpEiiQ=="/>
				</question>
				<question id="2">
					<symbol id="0" code="4K" salt="Y8VnsM1O2yak+1xGNHSFEg=="/>
					<symbol id="1" code="3K" salt="5MHcbngZOLxHRCj3q4573w=="/>
					<symbol id="2" code="9H" salt="685A5wnpg4h+xZ8d6q5Fkg=="/>
					<symbol id="3" code="3N" salt="aQL75LLMaoptezpE3nCHWw=="/>
					<symbol id="4" code="C4" salt="aQ+escJ4ITgDzEqubld40Q=="/>
				</question>
				<question id="3">
					<symbol id="0" code="HN" salt="HYT59A7UN1IoTa13WdaJsg=="/>
					<symbol id="1" code="9I" salt="n3dsZb80Go7EFI8UlkhfDA=="/>
				</question>
			</ballot>
			<ballot pid="17" barcodeSerial="176258" barcodeSerialSalt="OaCa9jdpX46aEIxP2LK+uw==" chitSerial="603160" chitSerialSalt="AhQpASeFUkDejvpgCqiB3A==" password1="126242" password1Salt="rRvrkU4bgx1oZ30Y8Pxhng==" password2="980451" password2Salt="rOWGg8ogC/+6zKn1K6JhLg==">
				<question id="0">
					<symbol id="0" code="9H" salt="qgemihuhX0vRGGrsjrolTA=="/>
					<symbol id="1" code="IM" salt="7qs01fXY2whYsBD9bQigvw=="/>
					<symbol id="2" code="NK" salt="eQoyo13dPjgt/pGVZT9nXQ=="/>
					<symbol id="3" code="3C" salt="l3OyXnhLqS9VJAOPxz+JyQ=="/>
					<symbol id="4" code="4I" salt="XTFtjw2efuhE7cO3jQd4pg=="/>
					<symbol id="5" code="CW" salt="FMmvbGOYxRUAqFxY1LCg8Q=="/>
					<symbol id="6" code="CT" salt="6GY0BbYltIZ6jQwXRoVuHQ=="/>
					<symbol id="7" code="NN" salt="a7Yh0W1Goz6+jH3szvpJvQ=="/>
					<symbol id="8" code="N9" salt="6aDeFWTvQjCsy3eMAe39HQ=="/>
					<symbol id="9" code="4N" salt="lwnqx5KQrgj5GK+VBPoUOg=="/>
					<symbol id="10" code="CK" salt="ZvrtmO1lbA2H32XRiWpzhQ=="/>
					<symbol id="11" code="M3" salt="t86Q75koY+zWtAztD+SQOA=="/>
					<symbol id="12" code="KT" salt="JNcTyOG4St0XT+8NETkPXQ=="/>
					<symbol id="13" code="MM" salt="DZ18NDq9RdUCWGaG8HTWYw=="/>
					<symbol id="14" code="MK" salt="v2ClIrnl0K2/01r7erktnA=="/>
					<symbol id="15" code="I3" salt="my5ufWptokQ7jzW8yh3fGw=="/>
					<symbol id="16" code="KW" salt="8Tk1GCUzpd00iRylsutdtA=="/>
					<symbol id="17" code="H4" salt="sBLeMfpUpGoYg+jWP7yjVQ=="/>
					<symbol id="18" code="HT" salt="MN5uAJqNcpU9biRrgIdYjg=="/>
					<symbol id="19" code="T4" salt="z7+Igq3xpG3WD3l+2z+Cpg=="/>
					<symbol id="20" code="9N" salt="wb3dxOnn8u/cNbZkCu7O5g=="/>
					<symbol id="21" code="LC" salt="Uhl1EtvgB/trLpv+/ctRfQ=="/>
					<symbol id="22" code="44" salt="p8+dmVslSpzmaTXbQek82A=="/>
					<symbol id="23" code="N4" salt="i4cAYmasj4ZhfDMF5RK1TQ=="/>
					<symbol id="24" code="T3" salt="2dfRipJ5IFNyL3Bwsh628w=="/>
				</question>
				<question id="1">
					<symbol id="0" code="33" salt="MkppT7/IpkvXQMdcfXnxbQ=="/>
					<symbol id="1" code="MC" salt="6NPdi1qjpjQGzZKxYX+Ugg=="/>
					<symbol id="2" code="4L" salt="JmMBqixW+NV+1SSSLn1zvg=="/>
					<symbol id="3" code="MI" salt="miD+OLR/yLowTLjsr8uN3w=="/>
					<symbol id="4" code="HT" salt="ZhmDVUFEqJRQ+2xHM2wIzw=="/>
					<symbol id="5" code="TI" salt="QY/toBDE81G0d3QHF95+IQ=="/>
					<symbol id="6" code="LK" salt="abmy6qNqUf7+2PUWcCvcZQ=="/>
					<symbol id="7" code="KK" salt="Nx/5HH0NbZtuMWZVgHp73A=="/>
					<symbol id="8" code="KM" salt="BPZwaMD4t4VmIXds5c1KYg=="/>
					<symbol id="9" code="IM" salt="kDiEI5g5Z3lxJMlnVGtFqA=="/>
					<symbol id="10" code="IW" salt="15dmuChYNmfuFZmL3e++2g=="/>
					<symbol id="11" code="TL" salt="ASFsYqGtuQ55PgX5L3av8A=="/>
					<symbol id="12" code="9N" salt="dXbf7WUxwrl1qx9GiGnlWQ=="/>
					<symbol id="13" code="M9" salt="psaJupFll8RDtiWD7oT5Dw=="/>
					<symbol id="14" code="N3" salt="FTkZGHf7AubtOcBTCxtQog=="/>
					<symbol id="15" code="LC" salt="w19Y3X0m5+FdKT9exs2m+Q=="/>
				</question>
				<question id="2">
					<symbol id="0" code="H3" salt="5h030u7SalwsgF4tCOBmog=="/>
					<symbol id="1" code="CI" salt="ScHSVLS9dOk3GNgQ498L+g=="/>
					<symbol id="2" code="IM" salt="0LiRvv4PzOEVlRXu1YUdMw=="/>
					<symbol id="3" code="TH" salt="m5GnJig5nnF9amg51IyzRA=="/>
					<symbol id="4" code="KK" salt="o4/5Gy1kK4odYr1/D3G/dw=="/>
				</question>
				<question id="3">
					<symbol id="0" code="39" salt="AIG3FVzb6mF+NWnWdMLGRw=="/>
					<symbol id="1" code="TI" salt="uq+88XYODop5218qASCk7Q=="/>
				</question>
			</ballot>
		</printCommitments>
	</database>
</xml>
