<xml>
	<database>
		<print>
			<row id="10" p1="4 0 3 2 1 0 1 2 3 2 0 3 4 1 1 0" s1="jGKzGuWhX1fviZcpPvqy8A==" p2="2 4 1 0 3 3 0 1 2 0 4 3 1 2 1 0" s2="cGbqocKL18jNAbujTPAdwQ=="/>
			<row id="12" p1="1 2 0 3 4 3 0 2 1 2 0 3 4 1 1 0" s1="cEwa6Ptj5wXJ4jv4HI0dsA==" p2="4 1 3 0 2 0 1 2 3 1 2 0 3 4 0 1" s2="yNg++/imMxLU8uLa2sbRUQ=="/>
			<row id="16" p1="0 4 3 2 1 1 2 3 0 4 3 1 2 0 0 1" s1="eurQWfB9BFfqvUD4C3Nblw==" p2="3 2 0 1 4 0 3 2 1 0 1 2 4 3 1 0" s2="4HsOSCeFF8vS3eblcfdi4A=="/>
			<row id="17" p1="2 3 1 0 4 3 2 1 0 0 2 1 4 3 0 1" s1="FR68dePCOPIzaXf6rPeVaQ==" p2="2 3 1 0 4 2 0 1 3 2 0 3 4 1 0 1" s2="nSbEhp9UNtucykJ1aXXgbw=="/>
		</print>
		<partition id="0">
			<decrypt>
				<instance id="0">
					<row id="0" pid="16" d2="3 0 4 2 1" sl="4UU0/wj2PdoiR6jfme1V8g==" rid="10" d4="3 1 4 2 0" sr="SaqHRb2oQNC9Yly2riHvqQ=="/>
					<row id="2" pid="10" d2="2 4 3 1 0" sl="OrBvasrtruWWWHEqgnKsKQ==" rid="1" d4="2 1 3 4 0" sr="AJWRMLS4V3to6gx4VgDhtA=="/>
					<row id="12" pid="12" d2="0 4 1 3 2" sl="7o2kg0jGTUeGC8wShs23tQ==" rid="17" d4="4 3 1 2 0" sr="LLGPuZBVp2y3jA18BtjYfA=="/>
					<row id="17" pid="17" d2="3 2 0 4 1" sl="+kbFpCut9k5Cz7nn4fUnOA==" rid="11" d4="2 4 1 0 3" sr="Sq7GCHB+3VMvW3EtJy4TfQ=="/>
				</instance>
				<instance id="1">
					<row id="0" pid="16" d2="1 0 4 2 3" sl="yPI1aNJs1qV1RGgWia0kAA==" rid="10" d4="3 2 4 1 0" sr="oJKPJRyn2UzmeOqB2RbSBA=="/>
					<row id="1" pid="10" d2="2 0 1 4 3" sl="BdjDIKnvCuqo9GynbQoQKQ==" rid="1" d4="0 4 3 2 1" sr="VdNYd62z5EqoRFvwO3wbZg=="/>
					<row id="5" pid="12" d2="1 4 0 2 3" sl="uEienxBjP7l7LYqJgJmAGg==" rid="17" d4="3 4 2 1 0" sr="OAjDrvRsBWHt8aJMYCDQrw=="/>
					<row id="9" pid="17" d2="1 2 0 4 3" sl="VAyizZ+UXadn66IheBiwzw==" rid="11" d4="2 0 1 4 3" sr="Dk40ZfYeQB8G29yrn5Qb4w=="/>
				</instance>
			</decrypt>
		</partition>
		<partition id="1">
			<decrypt>
				<instance id="0">
					<row id="11" pid="12" d2="2 0 3 1" sl="P4jgUuFsIBetCUNWt3Zg9w==" rid="4" d4="3 0 1 2" sr="I5jLliw7/6hvufYP6zBgew=="/>
					<row id="14" pid="17" d2="2 3 0 1" sl="sADMpDy5RAK9OKnH5GLgcA==" rid="14" d4="2 0 1 3" sr="Fvtvukr3m6vtJTS3+K56Cw=="/>
					<row id="17" pid="10" d2="3 1 2 0" sl="n/bqWVWSTmFaTsCWywNfbA==" rid="5" d4="2 0 1 3" sr="Wr1Op+0HZxO9WFRMnhDnKg=="/>
					<row id="18" pid="16" d2="0 1 3 2" sl="1ebQrfO6kGvaeNJSZvBk5g==" rid="7" d4="3 2 0 1" sr="x+KTK7FrUjWTjFj/vjCttA=="/>
				</instance>
				<instance id="1">
					<row id="0" pid="12" d2="2 0 1 3" sl="r4JNbZ5sl+8nFOa+rnxSLw==" rid="4" d4="3 2 1 0" sr="w4AG/tAcSVNoArZcmfZZbA=="/>
					<row id="7" pid="17" d2="2 1 0 3" sl="g2Ya0SzueP2qZZjvAaICSw==" rid="14" d4="2 3 1 0" sr="OFWsIYou6MspxWM5gF69hg=="/>
					<row id="12" pid="16" d2="0 2 3 1" sl="C5gcLXwt2dz65JlUNyV4vA==" rid="7" d4="3 0 2 1" sr="5cydM9zbycpapSWPEzO1Fg=="/>
					<row id="19" pid="10" d2="1 2 0 3" sl="kl2saSBGpqgG4718vqolJQ==" rid="5" d4="1 3 0 2" sr="b43RjUnxGIIy1FeQ2abHKg=="/>
				</instance>
			</decrypt>
		</partition>
		<partition id="2">
			<decrypt>
				<instance id="0">
					<row id="0" pid="12" d2="3 4 2 1 0" sl="0krOPAA7VRgPeC5qlxGpFw==" rid="6" d4="3 2 1 4 0" sr="xJQay3/wRZR9uBBPcBGULA=="/>
					<row id="6" pid="10" d2="2 3 1 4 0" sl="V5inWHQiv9FNklAMBf8EZg==" rid="11" d4="0 2 1 3 4" sr="9sIQ08gfu8G7Rd73wLYGDQ=="/>
					<row id="14" pid="17" d2="4 2 3 0 1" sl="amJgrQFtqWLexjgDGxZAAg==" rid="4" d4="3 2 0 4 1" sr="TuHoF7ydYp3nXEgiMXcydw=="/>
					<row id="17" pid="16" d2="3 4 0 2 1" sl="tPdnxYWIVrf8M+UJIPG79Q==" rid="18" d4="3 1 0 4 2" sr="WXGhWXYg44NhgrppDi3xVg=="/>
				</instance>
				<instance id="1">
					<row id="3" pid="10" d2="3 4 0 2 1" sl="839w+3DrWa7w21ZMALq4BA==" rid="11" d4="2 0 4 1 3" sr="ja79wDspQR2OTpYfimkxaA=="/>
					<row id="5" pid="17" d2="4 1 0 2 3" sl="lB95+LDOohcNuRSndLxoTg==" rid="4" d4="4 0 3 2 1" sr="VJgqV+93V4F6Xfvo8S1zUw=="/>
					<row id="14" pid="12" d2="2 0 3 4 1" sl="alOL3QkCLKBJEEGeV8V5JA==" rid="6" d4="0 3 4 1 2" sr="kxggCJzGdu/s+B1DbjBGKQ=="/>
					<row id="16" pid="16" d2="1 3 4 2 0" sl="3LeO3xPP2GP8+EMBjChTRg==" rid="18" d4="1 4 0 2 3" sr="BwVNtXTq18g1EGkXVEkijQ=="/>
				</instance>
			</decrypt>
		</partition>
		<partition id="3">
			<decrypt>
				<instance id="0">
					<row id="12" pid="16" d2="0 1" sl="fAgfAaEMeMmK/DkNZflCqw==" rid="16" d4="1 0" sr="zRP1SGYfVRKegRfNMpGkww=="/>
					<row id="14" pid="10" d2="1 0" sl="hDiN78oPF+Ii8qcrOdfaKQ==" rid="2" d4="1 0" sr="2+YiB9doAat3d/OHNw49kw=="/>
					<row id="17" pid="12" d2="0 1" sl="VJ+B0zF+emJtwEd53BPE/Q==" rid="10" d4="1 0" sr="0SR/UjqdeVVHK6krUpkTLw=="/>
					<row id="19" pid="17" d2="1 0" sl="Goo9rfn0NAec1BChB8eGJQ==" rid="15" d4="1 0" sr="aVTINow5J5oxsD/DC9x3Ng=="/>
				</instance>
				<instance id="1">
					<row id="4" pid="10" d2="0 1" sl="Aj4adSp+WC3sxo9WWXDjxg==" rid="2" d4="0 1" sr="eBBgXegwqE4SvKYFdNpglA=="/>
					<row id="6" pid="16" d2="1 0" sl="sldgNz7JxjFrWtW4vZn3+Q==" rid="16" d4="0 1" sr="Bk/lYEJQB2Zq2SB3TUxSzQ=="/>
					<row id="8" pid="17" d2="1 0" sl="odNKlno1vuYrptIx0LHGQQ==" rid="15" d4="1 0" sr="bheHOVry0OZKgYs23hAHPQ=="/>
					<row id="18" pid="12" d2="0 1" sl="wAVdvgaF6FppmdUlpu44Qg==" rid="10" d4="1 0" sr="saWLykycK9fp0LnUIM0YfQ=="/>
				</instance>
			</decrypt>
		</partition>
	</database>
</xml>